NAME,URL,CLASS
【缺课】小K先生电商C4D建模渲染2021年11月结课【画质高清有素材】,https://chenwenb.com/xiaokxsc4d.html,C4D课程
潘呀潘潘摄影教程2020【画质不错只有视频】,https://chenwenb.com/panyapp.html,视频课程
【缺课】画画的春哥人物速写2022年：风格化角色创作实战【画质高清】,https://chenwenb.com/cgrwxsfghjscz.html,手绘课程
与好莱坞动画大师一起学动画规律2022年4月【画质还行有课件】,https://chenwenb.com/dhdsyqxdhgl.html,视频课程
雪花更美UE4集群阵列2020年【画质高清】,https://chenwenb.com/xhgmue4.html,视频课程
【缺课】生动表演大剖析AE角色动画特训营2021【画质不错有素材】,https://chenwenb.com/sdbydpxae.html,AE课程
高级动画全流程案例教学之绑定篇【画质高清有素材】,https://chenwenb.com/lmyxalbdp.html,3dmax课程
古月次世代游戏道具制作【画质不错】,https://chenwenb.com/gycsdyxdjzz.html,zbrush课程
高级动画全流程案例教学之模型贴图篇【画质高清有素材】,https://chenwenb.com/lmyxmxttp.html,zbrush课程
蓝枫平面游戏视觉2021年PS教程【画质高清有素材】,https://chenwenb.com/lfpmyxsj2021.html,平面设计
佳儿水彩团练第三期2022年【画质不错有笔刷】,https://chenwenb.com/jiasctl3.html,手绘课程
阿花水彩风男生头像ipad插画课2022年1月【画质不错有笔刷】,https://chenwenb.com/ahscfnstx.html,手绘课程
Justill2021年AI商业插画实战训练营基础篇【画质高清有部分素材】,https://chenwenb.com/justillaisych.html,ai课程
niaoniao第十九期C4D+OC渲染课2022年4月结课【画质高清无素材】,https://chenwenb.com/nianiaooc19.html,C4D课程
创意视觉设计师培养计划万晨曦卢帅曹凡2021年【画质高清有部分素材】,https://chenwenb.com/cysjsjspyjh.html,平面设计
黑豹角色综合教学课程【画质高清有素材】,https://chenwenb.com/heibaojszhjx.html,zbrush课程
unity超写实游戏特效表现课程【画质高清有素材】,https://chenwenb.com/unitycxstxbx.html,视频课程
【缺课】小木C4D电商产品教程【画质不错有素材】,https://chenwenb.com/xiaomuc4d.html,电商设计
商业插画配色入门指南【画质不错只有视频】,https://chenwenb.com/sychpsrmzn.html,手绘课程
houdini中mantra渲染器系统教程【画质高清有素材】,https://chenwenb.com/mantraxrq.html,视频课程
静妮Q版ipad商业插画系统课【画质高清有笔刷素材】,https://chenwenb.com/jnqbsychxtk.html,手绘课程
老梁Redshift for Cinema 4D从0到1的渲染综合实战案例【画质高清有素材】,https://chenwenb.com/laoliangrs.html,C4D课程
【缺课】古糖2022新古风ipad插画课【画质高清有笔刷】,https://chenwenb.com/gtxgfchk.html,手绘课程
鱼小沫Q版人物团练2022年1月结课ipad插画教程【画质高清只有视频】,https://chenwenb.com/yxmqbrwtl.html,手绘课程
刀鱼keyshot7.2产品动画【画质还行有素材】,https://chenwenb.com/daoyuks7.html,视频课程
陈京京PR剪辑调色班【画质高清有素材】,https://chenwenb.com/cjjprcc.html,视频课程
鱼小沫2022年5月萌萌古风ipad插画课【画质高清有笔刷课件】,https://chenwenb.com/yxmmmgf.html,手绘课程
佳儿水彩团练头像第4期2022年4月ipad插画课【画质高清有笔刷】,https://chenwenb.com/jiasctltx4.html,手绘课程
小武拉莫第6期摄影班2020年8月结课【画质还行有素材】,https://chenwenb.com/xwlmk6.html,视频课程
【缺课】画久久2022Q版卡通人物iPad插画课【画质高清有笔刷课件】,https://chenwenb.com/hjjktrwchk.html,手绘课程
华帅blender动画2021年闪耀之路【画质高清有素材】,https://chenwenb.com/hsblenderdh.html,Blender课程
和好莱坞动画大师一起学习故事创作【画质还可以】,https://chenwenb.com/hhlwdsxgscz.html,视频课程
哈士奇味的鸵鸟古风+现代头像课2022年ipad插画教程第1期【画质高清有笔刷】,https://chenwenb.com/hsqwdtn.html,手绘课程
【缺课】蓉儿少女头像班2022年ipad插画线稿+上色综合【画质高清有笔刷】,https://chenwenb.com/rongrsntx.html,手绘课程
麦刻风2022年ipad商业插画零基础到精通【画质高清有笔刷】,https://chenwenb.com/mkf2022ipad.html,手绘课程
和好莱坞动画大师一起学分镜【画质一般】,https://chenwenb.com/hhlwdsyqxfj.html,视频课程
【刘新华】Houdini特效入门教程【画质高清只有视频】,https://chenwenb.com/houdinitxrm.html,视频课程
李耀辉国潮插画系统课第3期2022年旁听班【画质不错有笔刷】,https://chenwenb.com/lyhgcch3.html,手绘课程
次时代场景建模全流程2020年【画质高清有大部分素材】,https://chenwenb.com/csdcjjm2020.html,视频课程
【缺课】阿童木旅行插画系统课2022年钢笔淡彩【画质不错有资料】,https://chenwenb.com/atongmugbdc.html,手绘课程
PS教程零基础入门速成班2021年8月结课【画质高清有素材】,https://chenwenb.com/ps0jcrmsc.html,视频课程
冷风ipad国风静物插画课2022年【画质还行有笔刷】,https://chenwenb.com/lfgfjwxp.html,手绘课程
Houdini19高级魔法气流特效制作流程【画质高清有素材】,https://chenwenb.com/houdini19gjmfql.html,视频课程
映美线上剪辑课2020【画质高清只有视频】,https://chenwenb.com/ymxsjjk2020.html,视频课程
皮蛋兄弟沙雕动画教程2022年【画质不错有素材】,https://chenwenb.com/pdxdsddh.html,视频课程
【小粉菇】日系插画设计实战之日式人物插画设计【画质高清只有视频】,https://chenwenb.com/xfgrxchsjsz.html,手绘课程
Blender游戏场景室内环境材质渲染教程【画质高清只有视频】,https://chenwenb.com/blenderyxcjsnhj.html,Blender课程
MG动画进阶动态设计精英第1期2020年10月【画质高清有素材】,https://chenwenb.com/mgdhdtsjjy1.html,AE课程
周大杰产品精修第26期2020年【画质不错有部分素材】,https://chenwenb.com/zdjcpjx26.html,电商设计
冷风ipad插画课水彩风景进阶2021年9月结课【画质一般有笔刷】,https://chenwenb.com/lengfengscjj.html,手绘课程
【良知塾】白一帆风光摄影实战教程全能篇【画质高清有素材】,https://chenwenb.com/fgxyszqnp.html,视频课程
微专业UI设计师全链路第11期2020年8月左右【画质不错有部分素材】,https://chenwenb.com/wzyuiqll11.html,UI课程
衔春来古风水彩技法提升班2022【画质高清只有视频】,https://chenwenb.com/gfscjftsb.html,手绘课程
白鹤tsuru人像PS精修cos后期第7期【画质不错只有视频】,https://chenwenb.com/baihe7.html,视频课程
3dsmaxFStorm室内渲染写实教程【画质还行有部分素材】,https://chenwenb.com/fstormsnxrxs.html,室内设计
嘿马电商详情进阶实训【画质高清只有视频】,https://chenwenb.com/hmdsxqjjsx.html,电商设计
Moredu资产教程2020【画质不错只有视频】,https://chenwenb.com/morzcmx2020.html,视频课程
电商产品C4D课程2020年【画质高清没有素材】,https://chenwenb.com/dscpc4d2020.html,C4D课程
狄里色彩光影专题班【画质还行只有视频】,https://chenwenb.com/dlscgyztb.html,手绘课程
商业包装设计全能班第1期2021年【画质高清有大部分素材】,https://chenwenb.com/bzsjqnb1.html,平面设计
周大杰商业精修&产品摄影全能班2022年1月结课【画质还行有大部分素材】,https://chenwenb.com/zdjyfl2022.html,电商设计
一晨摄影光环4.0班2022年1月结课【画质还行有大部分素材】,https://chenwenb.com/ycssghb4.html,视频课程
niaoniao第20期C4D+OC渲染2022年6月【画质高清有素材】,https://chenwenb.com/niaoniaoc4d20.html,C4D课程
【缺课】度薇年iPad商业插画2022年【画质还行有笔刷素材】,https://chenwenb.com/duweinianipad.html,手绘课程
青时PS水彩插画系统课【画质高清只有视频】,https://chenwenb.com/qspsscchk.html,手绘课程
虚空光影保姆级PR剪辑指南2020年【画质高清有素材】,https://chenwenb.com/bmjjjzn.html,视频课程
酸梅干超人sketch零基础教学【画质高清只有视频】,https://chenwenb.com/chaorensketch.html,UI课程
傅炯不止教搭配的色彩商业实战课2021【画质不错只有视频】,https://chenwenb.com/bzjdpdscsysz.html,视频课程
蓉儿iPad水彩系统课第3期2022年1月结课【画质高清有部分笔刷】,https://chenwenb.com/rongerscxtk3.html,手绘课程
离城画面的肌理与质感2020【画质高清有笔刷】,https://chenwenb.com/lchmdjlyzg1.html,手绘课程
小定噗噗可爱Q版人物创作2022年【画质不错只有视频】,https://chenwenb.com/xdppkaqbrw.html,手绘课程
【缺课】叶汁治愈系商业插画课2022年【画质一般有笔刷】,https://chenwenb.com/yzhizyxsych.html,手绘课程
PS创意合成技法2021年【画质高清有部分素材 】,https://chenwenb.com/cyhc2021.html,电商设计
阿泽Blender第3期渲染课2021年11月结课【画质高清有素材】,https://chenwenb.com/azblenderxr3.html,Blender课程
考拉第二期Belnder风格化动画2021年【画质高有素材】,https://chenwenb.com/kld2qfghdh.html,Blender课程
罗耀平面设计思维课2020年3月结课【画质高清只有视频】,https://chenwenb.com/luoyao2020.html,平面设计
Substance Painter质感案例教学2020【画质高清有素材】,https://chenwenb.com/spzgjc2020-0.html,视频课程
涂弥角色设计第2期2021年【画质不错有课件】,https://chenwenb.com/tumi2021.html,手绘课程
在Blender中创建史诗般的大型环境2021年教程国语配音【画质高清有素材】,https://chenwenb.com/blendercjssbdhj.html,Blender课程
天航PS人像摄影后期2022年【画质不错只有视频】,https://chenwenb.com/thrxsyhq2022.html,视频课程
不错实验室品牌设计指南第一期2022年1月结课【画质不错有素材】,https://chenwenb.com/bcsysppsjzn1.html,平面设计
TBchoi人体基础进阶班第八期2020莱普斯LAELAPS【画质还行有笔刷】,https://chenwenb.com/tbchoirtjcb8.html,手绘课程
人工翻译CG渲染基本原理【画质高清有素材】,https://chenwenb.com/rgfycgxrjbyl.html,视频课程
blender零基础大合集2021年人工翻译【画质高清有素材】,https://chenwenb.com/hmblenderndjh.html,Blender课程
零基础噪点肌理插画快速绘制指南【画质还行只有视频】,https://chenwenb.com/zdjlchzn.html,手绘课程
零基础小清新钢笔淡彩课程2021年【画质高清只有视频】,https://chenwenb.com/xqxgbdckc.html,手绘课程
bleder教程起飞2021年【画质不错有素材】,https://chenwenb.com/blenderqifei.html,Blender课程
插画师撒呀酱角色插画进阶班2020【画质还行只有视频】,https://chenwenb.com/sayajiang.html,手绘课程
niaoniao第十八期C4D+OC渲染课2022年1月结课【画质高清有素材】,https://chenwenb.com/niaoniaoc4d18.html,C4D课程
C4D+AE+Redshift渲染星美男高级实景合成全流程2020年【画质高清有素材】,https://chenwenb.com/xmncsmjzkj.html,C4D课程
酸梅干超人零基础UI精品实战班第3期2021年1月结课【画质高清只有视频】,https://chenwenb.com/cr0jcuijpszb3.html,UI课程
与好莱坞动画大师一起学角色设计2020【画质还行】,https://chenwenb.com/yhlwdhdsyqxjssj.html,视频课程
雪花更美UE4群集射击游戏买量中文视频教程2020【画质高清】,https://chenwenb.com/xhgmue4qjsj.html,视频课程
达芬奇调色大师课：8大模块掌握调色技巧【画质高清只有视频】,https://chenwenb.com/tsdsk8dmk.html,视频课程
逸之角色原画精品班【画质高清没有笔刷】,https://chenwenb.com/yzjsyhjpb.html,手绘课程
雪花更美UE4群集对战中文教程2020【画质高清有素材】,https://chenwenb.com/xmgmue4qjdz.html,视频课程
和好莱坞动画大师一起学视觉语言2020【画质一般】,https://chenwenb.com/yqxsjyy2020.html,视频课程
画画的春哥人体绘画入门修炼2021【画质不错有素材】,https://chenwenb.com/cgrthhrmxl.html,手绘课程
达芬奇轻松搞定10种调色风格：经典电影调色案例解析【画质高清有素材】,https://chenwenb.com/xpcqsgd10tsfg.html,视频课程
小木C4D产品渲染2021年Redshift课程【画质高清有素材】,https://chenwenb.com/xmc4drsxr.html,C4D课程
杨帆C4D动态班第五期2021年【画质不错有部分素材】,https://chenwenb.com/yangfangc4d5.html,C4D课程
挽彤光影色彩提升班【画质还行】,https://chenwenb.com/wtscgy2019.html,手绘课程
亲切第一张蕾第37期KINDNESS人像PS精修教程【画质高清有素材】,https://chenwenb.com/qinqiedy37.html,电商设计
UE4 CG场景案例制作全流程【画质高清有部分素材】,https://chenwenb.com/ue4cjalzzqlc.html,视频课程
阿多尼斯硕blender第1期2021年8月结课【画质高清有素材】,https://chenwenb.com/adnssblender1.html,Blender课程
Blender风格化角色全流程【画质还行有素材】,https://chenwenb.com/jsipzzqlcbl.html,Blender课程
阿策第九期头像班2022年2月结课【画质高清只有视频】,https://chenwenb.com/acetx9.html,手绘课程
HAN blender2021电商产品课第一期【画质高清有素材】,https://chenwenb.com/hanbldscp1.html,Blender课程
亨利blender2021年电商3C产品教程【画质高清只有视频】,https://chenwenb.com/henglibl.html,电商设计
小白的C4D零基础入门课2021【画质高清有素材】,https://chenwenb.com/xbdc4d0jcrm.html,C4D课程
刘杨PS人像精修2021年【画质不错只有视频】,https://chenwenb.com/liuyangxt2021.html,电商设计
Marvelous Designer全方位MD布料造型【画质高清只有视频】,https://chenwenb.com/qfwblzx.html,视频课程
PR秘传技进阶剪辑的全方位攻略2021年12月【画质不错有素材】,https://chenwenb.com/prmcjjjjj.html,视频课程
Blender角色动作动画大师级训练【画质高清有素材】,https://chenwenb.com/jsdzdhdsjxl.html,Blender课程
【熊只只】氛围水墨国风插画集训2022年1月结课【画质高清只有视频】,https://chenwenb.com/xzzfwsmgf1.html,手绘课程
【缺课】云优C4D产品建模课程2021年【画质高清有部分素材】,https://chenwenb.com/yyx4djm.html,C4D课程
【缺课】罡渡晨星AE进阶教学2021年【画质高清有部分素材】,https://chenwenb.com/gdcxaejjjx.html,AE课程
火星时代houdini2020年【画质不错只有视频】,https://chenwenb.com/hxsdhoudini2020.html,视频课程
TB-Choi概念设计课2022【画质一般没笔刷】,https://chenwenb.com/tbchoi2022.html,手绘课程
叶子学堂游戏UI提高班2020年3月结课【画质高清有部分素材】,https://chenwenb.com/yzyxuitgb2020.html,UI课程
小金狮2020游戏UI界面高级班【画质高清有部分素材】,https://chenwenb.com/xjsyxui2020.html,UI课程
实用Photoshop入门到大师2020年【画质高清有素材】,https://chenwenb.com/syphotosrmkc.html,电商设计
游戏特效美术设计高级班【画质高清只有视频】,https://chenwenb.com/yxtxmssjgjb.html,视频课程
游戏特效美术设计初级班【画质高清只有视频】,https://chenwenb.com/yxtxmssjcjb.html,视频课程
阿泽Blender第2期渲染课2021年8月结课【画质高清有素材】,https://chenwenb.com/azblender2.html,Blender课程
杨成林5大流行风格插画教程2020年【画质高清有笔刷】,https://chenwenb.com/5dlxfgchjc.html,手绘课程
【缺课】小丑xp粒子2021突破局限高阶C4D教学【画质高清有部分素材】,https://chenwenb.com/xcxpli2021tpjx.html,C4D课程
大厂出品的商业插画速绘指南2021【画质还行有笔刷】,https://chenwenb.com/dccpdsych.html,手绘课程
青爵版式设计全能特训班2020年5月结课【画质还行有部分素材】,https://chenwenb.com/qjbssjqntxb.html,平面设计
米雷人体速写课程【画质一般有笔刷】,https://chenwenb.com/mileirtsx.html,手绘课程
K先生网格系统全攻略2021年12月结课【画质高清有部分素材】,https://chenwenb.com/kxswgxtqgl.html,平面设计
蚂蚁八手王进阶班第十期2019【画质还行只有视频】,https://chenwenb.com/myjjb10.html,手绘课程
【缺课】布丁电商产品C4D【画质高清有素材】,https://chenwenb.com/bddscpc4d.html,C4D课程
火星时代2021影视剪辑课【画质高清】,https://chenwenb.com/hxsdysjjkc.html,视频课程
Unity3D游戏特效综合培训课程【画质高清有素材】,https://chenwenb.com/u3dyxtxzhpx.html,视频课程
houdini特效课程坐标特效【画质高清】,https://chenwenb.com/houdinizbtx.html,视频课程
老浮文艺少女绘制专题【画质一般有素材笔刷】,https://chenwenb.com/laofuwysn.html,手绘课程
大猫版式训练营2020年3月结课【画质高清有素材】,https://chenwenb.com/damaobanshi2020.html,平面设计
灵猫插画网络班合集第10期+第7期+第6期【画质高清】,https://chenwenb.com/lingmao6710.html,手绘课程
UE4虚幻MMO魔幻特效课程【画质高清有素材】,https://chenwenb.com/xhmmomhtxkc.html,视频课程
麦刻风零基础简笔画课程【画质还行有笔刷】,https://chenwenb.com/mkfjbh.html,手绘课程
李兴兴PR视频剪辑通关秘籍+PR剪辑上分攻略,https://chenwenb.com/lxxprjjhj.html,视频课程
竺阴男性人物绘制第一期【画质不错】,https://chenwenb.com/zhuyinnxrw1.html,手绘课程
小武拉莫摄影课第二期【画质还行】,https://chenwenb.com/xwlmsyk2.html,视频课程
unity技术美术实战课程【画质高清有素材】,https://chenwenb.com/jsmsszkc.html,视频课程
新片场怒豆渣从零开始学PR剪辑 CC2022【画质高清只有视频】,https://chenwenb.com/xpcc0ksxpr.html,视频课程
第七个桔子插画班第8期【画质高清】,https://chenwenb.com/dqgjz8.html,手绘课程
久吉原画网络班第一期【画质高清】,https://chenwenb.com/jiujiwlb1.html,手绘课程
【缺课】泰罗摄影综合课第11期2021年【画质高清】,https://chenwenb.com/tailuosheying11.html,视频课程
tiye鸭鸭第2期ipad插画课2021年4月结课【画质还行有课件笔刷】,https://chenwenb.com/tiyeyaya2.html,手绘课程
杨晓利拥有大师级的摄影思维：搞定相机手机无人机,https://chenwenb.com/yxldsykc.html,视频课程
商业品牌设计实战2020【画质高清】,https://chenwenb.com/syppsjsz2020.html,平面设计
商业修图全能课程【画质还行有素材】,https://chenwenb.com/syxtqnkc.html,视频课程
李兴兴剪辑实战训练营2022年1月结课【画质高清有素材】,https://chenwenb.com/lxxjjszxly.html,AE课程
名动漫4+F网络班【画质高清】,https://chenwenb.com/mdmf4.html,手绘课程
大猫版式设计训练营2018年12月结课【画质高清有部分素材】,https://chenwenb.com/dmbssjxly.html,平面设计
王师傅概念设计3D辅助绘画2020年【画质高清有素材】,https://chenwenb.com/wsf3dfzhh2020.html,手绘课程
卢帅商业字体特训营【画质还行有部分素材】,https://chenwenb.com/lssyzttxy.html,平面设计
不用动脑的摄影课 拍出有质感的照片【画质高清】,https://chenwenb.com/bydndsyk.html,视频课程
萧陡璧古风场景教程2021年【画质高清有笔刷】,https://chenwenb.com/xtbgfcj2021.html,手绘课程
打通3D动态不卡关｜动态与运镜技巧2022年1月结课【画质高清有素材】,https://chenwenb.com/dtyuyjjq.html,C4D课程
老鹰AE系统进阶教程2021年【画质高清有素材】,https://chenwenb.com/lyaejjjc2021.html,AE课程
老胡houdini特效实验班【画质不错只有视频】,https://chenwenb.com/laohuhdn.html,视频课程
魔型志maya硬表面仿赛摩托制作全流程【画质高清】,https://chenwenb.com/mayaybmmtc.html,视频课程
魔型志Marvelous Designer次时代背包制作教程【画质高清】,https://chenwenb.com/cisdbbzzjc.html,视频课程
画久久ipad水彩课2021年8月结课【画质高清有笔刷】,https://chenwenb.com/hua99ipadsc.html,手绘课程
美食静物摄影拍摄教程合集【画质还行】,https://chenwenb.com/meishisyhj.html,视频课程
木易阿婆AE搞笑沙雕动画制作教程【画质高清有素材】,https://chenwenb.com/sdgxdhae.html,AE课程
饺子概念设计第十期【画质高清】,https://chenwenb.com/jiaozi10.html,手绘课程
【缺课较多】探先生字体设计基础课2020年画质高清有部分素材,https://chenwenb.com/txsztsj2020.html,平面设计
速写班长第六期2021年11月【画质不错】,https://chenwenb.com/sxbzd6q.html,手绘课程
王运栋动画运动规律【画质普通】,https://chenwenb.com/wyddhydgl.html,视频课程
光影大师摄影训练营【画质还行】,https://chenwenb.com/gydssyxly.html,视频课程
潮流插画设计实战班张亚奇李晓前2020年11月结课【画质高清有课件】,https://chenwenb.com/clchsjszb1.html,手绘课程
林海音人像摄影课第一期【画质高清】,https://chenwenb.com/lhyrxsy1.html,视频课程
色彩班长第三期2021年11月【画质高清有笔刷和部分课件】,https://chenwenb.com/scbzd3q.html,手绘课程
达芬奇课程-电影工业级调光高级教程【画质不错】,https://chenwenb.com/tgycgyjtg.html,视频课程
酸梅干超人UI基础班第8期【画质高清】,https://chenwenb.com/smgcruijcb8.html,UI课程
小熊猫水彩插画课穿搭班【画质普通】,https://chenwenb.com/xiaoxiongmaosc.html,手绘课程
陈京京AE从0基础到大神【画质高清有素材】,https://chenwenb.com/jsirae2020.html,AE课程
顾佳艺色彩基础班第七期【画质不错有笔刷和部分素材】,https://chenwenb.com/gjyscd7.html,手绘课程
3dsMax写实场景制作案例教学【画质超清】,https://chenwenb.com/xsyscjzzaljx.html,3dmax课程
布林商业插画系统课基础篇+进阶篇【画质不错有笔刷】,https://chenwenb.com/bulinch.html,手绘课程
次时代角色与场景贴图渲染综合实战案例高级教程【画质高清有素材】,https://chenwenb.com/csdjsycj.html,视频课程
芜小娴第八期2021绘本插画创作研修班【画质不错有课件】,https://chenwenb.com/wuxiaoxiangjyx8.html,手绘课程
芜小娴第八期2021绘本插画创作提升班【画质不错有课件】,https://chenwenb.com/wuxiaoxiants8.html,手绘课程
嗨森课堂风光摄影后期第二期2020【画质高清有素材】,https://chenwenb.com/hsktfgsy2.html,视频课程
芜小娴第八期2021绘本插画创作基础班【画质还行】,https://chenwenb.com/wuxiaoxianjc8.html,手绘课程
森小艺人像摄影教学【画质高清只有视频声音很小】,https://chenwenb.com/sxyrxsy.html,视频课程
niaoniao卡通C4D2021建模渲染【画质高清有素材】,https://chenwenb.com/niaoniaoktjmxr.html,C4D课程
零基础学彩铅2020【画质普通】,https://chenwenb.com/0jcxcq2020.html,手绘课程
莫那林木木cg插画入门必修课【画质一般】,https://chenwenb.com/linmumu.html,手绘课程
【张双】商业UI设计：全链式设计方法与流程【画质还行】,https://chenwenb.com/zsqlsjjffylc.html,UI课程
3dsmax+zbrush次时代女性角色教程,https://chenwenb.com/csdnxjsjc.html,zbrush课程
【绘梦cg学院】Photoshop常用笔刷解析与应用,https://chenwenb.com/pscybsjxyyy.html,手绘课程
丁丁框唯美日系光影色彩班【画质高清】,https://chenwenb.com/ddkwmrxgysc.html,手绘课程
niaoniao第17期C4D+OC2021年11月结课【画质高清】,https://chenwenb.com/niaoniao17.html,C4D课程
蔡九记徐八喵摄影课第十期+蔡九记摄影课第八期,https://chenwenb.com/caijiuji108.html,视频课程
莱普斯人物角色概念设计第二期【画质一般】,https://chenwenb.com/laelaps2.html,手绘课程
从0开始：从书籍封面学平面设计【画质高清】,https://chenwenb.com/csjfmxpmsj.html,平面设计
祝凯素描课程·硬性知识·头部骨骼【画质普通】,https://chenwenb.com/zksmtbgg.html,手绘课程
【缺课】祝凯系统教学绘画基础入门：光线概括(上),https://chenwenb.com/zkhhjcrmgxgks.html,手绘课程
影视工业 达芬奇调色S1系统专业【画质还行有素材】,https://chenwenb.com/ysgydfqs1xtzy.html,视频课程
赤井羚日式插画设计班【画质高清】,https://chenwenb.com/cjlrschsjb.html,手绘课程
C4D动态设计课程2020【画质高清有素材】,https://chenwenb.com/yc4dtsjk.html,视频课程
overwater摄影第二期2020【画质高清】,https://chenwenb.com/overwater2020.html,视频课程
毒药无形日韩头像班【画质高清】,https://chenwenb.com/dywxrhtxb.html,手绘课程
军长C4D+OC产品渲染动画第二季【画质高清有素材】,https://chenwenb.com/junzc4d2.html,C4D课程
优S手绘基础营第24期【画质高清】,https://chenwenb.com/ysshjcxly24.html,手绘课程
【云尚】Rhino犀牛全屏快捷键建模 · 基础课程【画质高清有素材】,https://chenwenb.com/ysqpkjjjm.html,视频课程
k先生版式设计训练营第13期2021【画质高清有素材】,https://chenwenb.com/kbsxly13.html,平面设计
【大触来了】噜咯咯日系色彩插画班【画质不错】,https://chenwenb.com/lugege.html,手绘课程
影视工业达芬奇线上调色一体化课【画质还行】,https://chenwenb.com/ysgywxsxxts1th.html,视频课程
莫那恶果果厚涂技法提升班第二期【画质还行】,https://chenwenb.com/mnegg2.html,手绘课程
夏小鲟2020年水彩风格人物插画第二期【画质高清有笔刷】,https://chenwenb.com/xxxscfgrwch2.html,手绘课程
不会画图也能创作角色line动态贴图【画质高清】,https://chenwenb.com/bhhtynczjs.html,ai课程
缦图莱思学院2020人像精修班【画质高清有素材】,https://chenwenb.com/hmtmtls.html,电商设计
刘昆昆2021零基础商业插画课第三期【画质高清】,https://chenwenb.com/liukksych3.html,手绘课程
山山雨2021人像基础系统班第一期【画质普通有笔刷课件】,https://chenwenb.com/shanshanyu1.html,手绘课程
韩松教你学透手机摄影后期+手机摄影全系课【画质还行】,https://chenwenb.com/hssjsyhj.html,视频课程
五木瑾色彩插画课【画质还行有笔刷课件】,https://chenwenb.com/wmjsck.html,手绘课程
【motionbest】 动态野兽AE课程人工翻译【画质高清有素材】,https://chenwenb.com/motionbestae.html,AE课程
【云尚】犀牛Rhino7.0 SubD 细分曲面【画质高清有素材】,https://chenwenb.com/rhino7xfqm.html,视频课程
徐慕阳三叠色场景原画网络班教程【画质还行】,https://chenwenb.com/xmysds2018.html,手绘课程
Suars古风光影色彩2020年9月结课【画质高清】,https://chenwenb.com/suars2020.html,手绘课程
毛巾场景插画设计第四期【画质一般】,https://chenwenb.com/maojinchangjing4.html,手绘课程
【丑工】电商产品C4D+OC建模渲染教程【画质高清有素材】,https://chenwenb.com/cgdscpc4d.html,C4D课程
伸缩自如的字体课：从基本功到创意风格【画质高清】,https://chenwenb.com/sszrdztk.html,平面设计
莫那车车2021日系少女插画专题【画质高清】,https://chenwenb.com/ccrxsnchzt.html,手绘课程
应图马商业插画系统班第19期【画质还行有素材】,https://chenwenb.com/ytmsychxtb19.html,手绘课程
柴霖霖风格插画全教程【画质高清】,https://chenwenb.com/cllfg.html,手绘课程
【大触来了】栗原澈韩系人物插画班【画质高清有部分课件】,https://chenwenb.com/lyzhxrwchb.html,手绘课程
像素范儿UI设计合集1-8期【画质高清】,https://chenwenb.com/xsf1-8.html,UI课程
【夏弃疾】第八期摄影课2021年10月进阶班【画质还行】,https://chenwenb.com/xqj8qsyk.html,视频课程
【绘梦CG学院】古风水彩·水墨CG插画班第2期【画质一般】,https://chenwenb.com/hmcggf2.html,手绘课程
【十七感】C4D+OC+PS电商产品建模渲染后期【画质高清没有素材】,https://chenwenb.com/17gc4djc.html,C4D课程
梁景红色彩设计法则【画质高清】,https://chenwenb.com/ljhscsjfz.html,平面设计
Fangpeii夏日速涂2021年8月iPad插画课【画质还行有课件】,https://chenwenb.com/fangpeiiipad.html,手绘课程
阿策第八期头像班2021年10月结课【画质高清】,https://chenwenb.com/ace8.html,手绘课程
【绘梦CG学院】CG绘画之插画场景入门教程【画质还行】,https://chenwenb.com/cgchcjrm.html,手绘课程
666K信譞CG插画网络班【老课画质还行】,https://chenwenb.com/666kxxuan.html,手绘课程
绿榴莲场景插画第三期+第五期【画质还行】,https://chenwenb.com/lvliuliancj.html,手绘课程
【缺课】巧匠合成创意进阶班第1期2020年8月结课【画质高清没素材】,https://chenwenb.com/jianghcb1.html,电商设计
【绘梦CG学院】CG绘画之人物面部造型与情感表达【画质还行】,https://chenwenb.com/cghhrwmbqgbd.html,手绘课程
【十肆】ps基础插画第三期2021【画质高清】,https://chenwenb.com/shisijichuke3.html,手绘课程
莫那折森2021年唯美日系插画基础班【画质高清有课件】,https://chenwenb.com/zhesen2021.html,手绘课程
krenz色彩课第8期2021年5月结课【画质不错有笔刷课件】,https://chenwenb.com/kdasc8.html,手绘课程
吴尧国潮插画师的创意实战指南【画质还行只有视频】,https://chenwenb.com/gcchsdcys.html,手绘课程
米你课堂PS+Ai软件零基础到实训班级第15期2020年12月【画质高清】,https://chenwenb.com/mnktpsai15.html,电商设计
【tony张】软装色彩搭配实用系统课2020【画质还行】,https://chenwenb.com/rzscdp2020.html,室内设计
精通3D的关键美学｜颠覆画面的视觉整合力【画质高清有素材】,https://chenwenb.com/dfhmdsjzhl.html,C4D课程
莫那世沦色彩光影氛围专题2021【画质不错】,https://chenwenb.com/slscgyfwb2021.html,手绘课程
【小圣】cos后期合集【画质高清有部分素材】,https://chenwenb.com/xiaoshengcos.html,视频课程
【洋洋】材质解密第一季VR高级材质教程【画质高清有素材】,https://chenwenb.com/yyczjm1.html,室内设计
诣七七国风水彩集训营第二期2021年8月结课【画质不错】,https://chenwenb.com/yi77gfscjxy2.html,手绘课程
莫那hahn萌系Q版人物插画2021年8月结课【画质高清有课件】,https://chenwenb.com/mnhahn2.html,手绘课程
【大触来了】台风君古风人物插画系统班第3期2021年6月结课【画质超清有课件】,https://chenwenb.com/taifengjun3.html,手绘课程
【缺课】吟耳汤古风插画中景与人的浪漫与神韵 – 模拟手绘质感的古风基础插画2021年3月结课【画质高清有笔刷】,https://chenwenb.com/yinert2.html,手绘课程
【沃学院】游戏创意视觉设计全能班02期2021年5月结课【画质高清】,https://chenwenb.com/wxyyxcysjsj2.html,平面设计
猫君大白2019岩彩手绘技法古风人物绘制【画质还行】,https://chenwenb.com/mjdbyc2019.html,手绘课程
【大触来了】今加古风角色设计班2020年9月结课【画质高清有课件】,https://chenwenb.com/jinjiagfjssjb.html,手绘课程
波波课堂品牌包装C4D2021年1月结课【画质高清有素材】,https://chenwenb.com/boboc4d2021.html,C4D课程
白衣巷九零基础水彩风插画课2020年1月【画质还行】,https://chenwenb.com/x90jcscf.html,手绘课程
随随古风第四期2020【画质一般】,https://chenwenb.com/suisui4.html,手绘课程
诣七七国风水彩进阶班第一期2021年7月【画质高清】,https://chenwenb.com/yi77gfsc1.html,手绘课程
插画师小玲玲基础班2020年7月ipad插画课【画质高清有笔刷】,https://chenwenb.com/xiaolingling2020.html,手绘课程
【缺课】狄大萌第四期上色团练2021年8月结课ipad插画教程【画质高清有笔刷课件】,https://chenwenb.com/didameng4.html,手绘课程
麦刻风团练合集1-3期2021年9月结课ipad插画教程【画质高清有笔刷】,https://chenwenb.com/maikefenghj.html,手绘课程
生秳ipad插画2021年5月结课【画质高清有笔刷素材】,https://chenwenb.com/shenghuo2.html,手绘课程
C4D照片级静物渲染教程2020年8月结课【画质高清有素材】,https://chenwenb.com/zpjjwxrjc.html,C4D课程
朱丹速写基础课【画质一般】,https://chenwenb.com/zhudansx.html,手绘课程
【玉玉卿】头像团练营第二期2021年8月结课【画质高清有笔刷】,https://chenwenb.com/yuyuqin2.html,手绘课程
速写班长+色彩班长合集,https://chenwenb.com/banzhanghj.html,手绘课程
宋其金原画实体班【很久以前的老课画质不错】,https://chenwenb.com/sqjyhstb.html,手绘课程
【87time】Redshift for c4d商业渲染教程,https://chenwenb.com/87timers.html,C4D课程
Houdini-Vellum【布料进阶-大师课】画质超清,https://chenwenb.com/laogaohoudini.html,视频课程
【荼壹】萌系少女人物入门课2020年4月结课【画质高清】,https://chenwenb.com/tuyi2020.html,手绘课程
阿花宠物团练2021年7月结课ipad插画课【画质高清有笔刷素材】,https://chenwenb.com/ahuaipad.html,手绘课程
3D软体大乱斗｜从概念到画面的梦幻连续技【画质高清有素材】,https://chenwenb.com/cgldhmdmhlxj.html,C4D课程
莫那怪三木唯美古风插画班2021年3月结课【画质高清有笔刷课件】,https://chenwenb.com/sanmugufeng2.html,手绘课程
niaoniao零基础C4D直播课2021年7月结课【画质高清没素材】,https://chenwenb.com/niaoniaoc4d0jc.html,C4D课程
【缺课】付小雅少女头像团练1+2期2021年8月ipad插画课【画质高清有笔刷】,https://chenwenb.com/fuxiaoyahj.html,手绘课程
ppi2021年4月ipad插画课【画质高清】,https://chenwenb.com/ppi20214.html,手绘课程
蓝子云蓝贵莲插画第30期2020年10月结课【画质高清有笔刷课件】,https://chenwenb.com/lian30.html,手绘课程
gua老师2021年9月iPad人物头像特训班【画质高清有笔刷素材】,https://chenwenb.com/guaipad4.html,手绘课程
白无常C4D人物ip角色绑定动画教程【画质高清有工程文件】,https://chenwenb.com/bwcc4dbd.html,C4D课程
Uffie顶级日系插画进阶班2019【画质还可以有笔刷】,https://chenwenb.com/uffie2019.html,手绘课程
手机短视频剪辑创作2021【画质还行】,https://chenwenb.com/sjdspjjcz2021.html,视频课程
ntalu日系插画创作班2019年11月【画质超清有课件】,https://chenwenb.com/ntalu2019.html,手绘课程
【同捉】 构图101：超越三分法则【画质高清】,https://chenwenb.com/gt101cysffz.html,平面设计
诣七七水彩插画进阶班第二期2021年6月结课【画质不错】,https://chenwenb.com/yi77scchjjb2.html,手绘课程
怪兽工厂：黑白观念篇【画质高清】,https://chenwenb.com/gsgchbgnp.html,手绘课程
夏夏第二期头像九宫格2020年8月结课【画质高清有笔刷】,https://chenwenb.com/xiaxiatx2.html,手绘课程
zbrush高级案例狂龙雕刻【画质高清有素材】,https://chenwenb.com/kuanglong.html,zbrush课程
船长C4D Octane 奢华香水风格图产品渲染中文教程【画质高清有工程文件】,https://chenwenb.com/shxsfgt.html,C4D课程
怪兽工厂：色彩光学篇【画质高清】,https://chenwenb.com/gsgcscgxp.html,手绘课程
汉服设计全讲解2021年6月结课 从入门到精通【画质高清】,https://chenwenb.com/hanfusj2021.html,手绘课程
夏夏第三期九宫格小元素场景2020年8月结课【画质高清有笔刷】,https://chenwenb.com/xiaxia3.html,手绘课程
次世代游戏场景案例制作全流程教程【有缺课画质高清】,https://chenwenb.com/csdyxcjalzzqlc.html,zbrush课程
怪兽工厂：头部构成与角色设计篇【画质还行】,https://chenwenb.com/gsgctbgcjssj.html,手绘课程
怪兽工厂：游戏场景设计篇【画质还行】,https://chenwenb.com/gsgcyxcjp.html,手绘课程
【Eleven_To】水彩美食团练第二期2021年3月ipad插画课【画质高清有笔刷素材】,https://chenwenb.com/elevento2.html,手绘课程
【YOTTA】从科幻场景走入影像敘事｜驾驭Octane for C4D 【画质高清有素材】,https://chenwenb.com/yottackhcjzryxxs.html,C4D课程
出来做梦ZBrush教程2019年10月结课【画质高清有素材】,https://chenwenb.com/clzmzb2019.html,zbrush课程
C4D Vray写实渲染教程【画质高清有素材】,https://chenwenb.com/c4dvrayxsxr.html,C4D课程
【唐斯托tosto】速写集训营第一期【画质不错有课件】,https://chenwenb.com/tosto1.html,手绘课程
大元ipad速写团练2020年9月结课【画质高清有笔刷素材】,https://chenwenb.com/dayuansx2020.html,手绘课程
橙汁儿日系Q版插画零基础教程2020【画质不错】,https://chenwenb.com/chengziqbch.html,手绘课程
阮九ipad头像团练课第1期2021年8月结课【画质高清有笔刷】,https://chenwenb.com/ruan9.html,手绘课程
红动优学平面系统课程2020年【画质高清有素材】,https://chenwenb.com/hdyxpmsj2020.html,平面设计
沸腾牛奶Q版人体团练第1期2021年4月结课的ipad插画课【画质不错有笔刷】,https://chenwenb.com/ftnn2021.html,手绘课程
nutdrm速写ipad插画课【画质还行有笔刷课件】,https://chenwenb.com/nutsx2021.html,手绘课程
李宁静如何提升画面表现力2020年9月结课【画质超清】,https://chenwenb.com/ningjing2020.html,手绘课程
波波课堂动效字体第3期2020年9月结课【画质不错有素材】,https://chenwenb.com/bbktdxzt3.html,平面设计
【不全】新片场学院千万级商业项目剪辑实战班【画质高清有素材】,https://chenwenb.com/xpcqwjjjszb.html,视频课程
且曼学院B端产品设计第3期2021年【画质还行】,https://chenwenb.com/qiemanbd2021.html,UI课程
随随古风第五期2021年【画质高清有笔刷】,https://chenwenb.com/suisui5.html,手绘课程
宋其金2019年11月结课【画质一般有笔刷】,https://chenwenb.com/songqijin2019.html,手绘课程
花花和发发的小盆栽水彩2020年8月结课【画质超清有笔刷课件】,https://chenwenb.com/xiaopenzai2.html,手绘课程
niaoniao第16期OC课2021年8月结课【画质高清有素材】,https://chenwenb.com/niaoniao16.html,C4D课程
kelvin李摄影班2020年7月结课【画质不错有素材】,https://chenwenb.com/kelvinli2020.html,视频课程
krusier角色插画班2019【画质还行有课件】,https://chenwenb.com/krusier2019.html,手绘课程
迟迟chichi水墨速写人物班2021年4月结课【画质不错有课件】,https://chenwenb.com/chichishuimosx2021.html,手绘课程
【小野菊】板绘色彩基础2021年3月结课【画质不错有课件】,https://chenwenb.com/xiaoyeju2021.html,手绘课程
苗桑零基础iPad插画系统班2021年7月结课【画质高清有课件素材】,https://chenwenb.com/miaosang2021.html,手绘课程
【ZXX】C4D卡通形象建模21天打卡2019年9月结课【画质高清有素材】,https://chenwenb.com/zxxc4d2019.html,C4D课程
态爷手绘就业提高班2021年1月结课【画质高清有素材】,https://chenwenb.com/taiyeshtgb1.html,手绘课程
半梦人像摄影网络班第四期2020【画质一般】,https://chenwenb.com/banmeng4.html,视频课程
李舜IP形象设计第2期2021年6月结课【画质高清有部分素材】,https://chenwenb.com/lishunip2.html,平面设计
【云尚】Rhino7.0 进阶纹理篇【画质高清有素材】,https://chenwenb.com/rhino7jjwlp.html,视频课程
视觉技法全能班2021年5月结课艾琦杨成林【画质高清有素材】,https://chenwenb.com/sjjfqnb1.html,平面设计
杨小洋板绘插画课【老课画质高清有笔刷】,https://chenwenb.com/yangxiaoyang.html,手绘课程
狄大萌第三期团练2021年8月完结的ipad插画课【画质高清有笔刷】,https://chenwenb.com/didameng3.html,手绘课程
尚道设研品牌设计直播课2021年2月结课【画质还可以】,https://chenwenb.com/sdsy2021.html,平面设计
牟真民第十期角色设计实战研修班【老课画质高清】,https://chenwenb.com/zhenmin10.html,手绘课程
彦弛岩彩第三期2021年1月结课【画质不错有课件】,https://chenwenb.com/yancai3.html,手绘课程
莫那店长零基础强化班【老课画质高清】,https://chenwenb.com/dianzhang0jc.html,手绘课程
囍囍觅觅ipad头像团练第二期2021年8月结课【画质高清有笔刷课件】,https://chenwenb.com/xiximimi2.html,手绘课程
木客教育2020剪辑调色班【画质高清有素材】,https://chenwenb.com/mukejy2020.html,视频课程
酸梅干超人第13期UI零基础进阶课2020年12月结课【画质高清】,https://chenwenb.com/suanmeigan13.html,UI课程
蓝贵莲蓝子云插画训练营2021年4月结课【画质高清有素材】,https://chenwenb.com/guilianxly.html,手绘课程
阿策第7期通用头像课2021年【画质高清有笔刷课件】,https://chenwenb.com/acetxk7.html,手绘课程
dannylailai第一期2021年5月结课【画质还行有笔刷课件】,https://chenwenb.com/danny1.html,手绘课程
画画的春哥2021人物动态速写塑造【画质高清有课件】,https://chenwenb.com/chunge2021.html,手绘课程
斯文怪兽WILL ART机甲角色概念设计课2019年11月结课【画质高清】,https://chenwenb.com/siwenguaishou.html,手绘课程
【MiLLions百万】 第二期少女头像团练ipad插画课【画质高清有笔刷素材】,https://chenwenb.com/millions2.html,手绘课程
艺类WorkShop3.0【画质高清有部分课件和笔刷】,https://chenwenb.com/yilei3.html,手绘课程
小黑牙ps唯美少女插画【老课画质高清有笔刷】,https://chenwenb.com/xiaoheiya.html,手绘课程
阿花水彩风少女头像团练第2期综合班ipad插画课2021年4月【画质高清有笔刷】,https://chenwenb.com/ahsnfsctl2.html,手绘课程
YS平面基础训练营第5期2019【画质高清】,https://chenwenb.com/yspmjcxly5.html,平面设计
【578动效工坊】C4D R21学习从零到大神【画质高清有素材】,https://chenwenb.com/c4dr21skqs.html,C4D课程
第七个桔子插画班第6期【画质高清】,https://chenwenb.com/d7gjz6.html,手绘课程
UE5与Blender游戏CG场景制作全流程【画质高清有素材】,https://chenwenb.com/ue5blederyxcg.html,Blender课程
【大触来了】gods日韩人物课2019【画质还可以】,https://chenwenb.com/gods2019.html,手绘课程
krenz色彩课第7期2020年10月结课【画质高清有笔刷课件】,https://chenwenb.com/kdasc7.html,手绘课程
数据可视化设计课-全能合集2020【画质高清有素材】,https://chenwenb.com/sjkshqnhj2020.html,UI课程
猫君大白板绘课第20期2019【画质高清】,https://chenwenb.com/maojundabai2019.html,手绘课程
【缺课】发条时针二次元绘画班2021【画质高清】,https://chenwenb.com/ftsz2021.html,手绘课程
念萦墨葵古风2019【画质不错】,https://chenwenb.com/nymkgf2019.html,手绘课程
文洋超写实渲染课第31期2020年结课【画质高清有部分素材】,https://chenwenb.com/wenyang31.html,室内设计
新片场三节点调色技法：实战多类型影片【画质高清有素材】,https://chenwenb.com/xpcsjdtsjf.html,视频课程
付顽童LOGO品牌标志设计特战营2021年8月【画质高清有素材】,https://chenwenb.com/fwtppbzsj.html,平面设计
【莫那】屋顶老拖toi插画专题班第7期【画质不错】,https://chenwenb.com/wdlttoi7.html,手绘课程
画画的漫漫ipad插画课第7期+第6期 2020【画质高清有笔刷】,https://chenwenb.com/manman76.html,手绘课程
当雨作金泽合集【老课画质还行吧】,https://chenwenb.com/dyjzzhj.html,手绘课程
【云尚】Rhino Grasshopper参数化设计【画质高清有素材】,https://chenwenb.com/grasshopper.html,视频课程
【缺课】兔豆泥ipad插画课【画质高清】,https://chenwenb.com/tudouniipad.html,手绘课程
蓉儿ipad水彩插画课基础水果花卉+进阶冷饮蛋糕2020年【画质不错有笔刷】,https://chenwenb.com/rongipadscch.html,手绘课程
【大触来了】阿水日韩系人物插画班2019年8月结课【画质高清有课件】,https://chenwenb.com/shuirhchb2019.html,手绘课程
屉子巴德2021年6月结课【画质高清有课件】,https://chenwenb.com/tizibade2021.html,手绘课程
【北川大叔】2020年秋季网络水彩基础班2020年12月结课【画质高清有素材】,https://chenwenb.com/bcdssc2020.html,手绘课程
【大触来了】教主某狐仙日式和风插画设计班2019年11月【画质不错】,https://chenwenb.com/jzmhx2019.html,手绘课程
诗乔水彩ipad插画课水果2020年+甜品【画质高清有笔刷】,https://chenwenb.com/shiqiaoshuicai.html,手绘课程
数据可视化大屏设计基础理论及视觉篇2020年9月【画质高清有素材】,https://chenwenb.com/dapingsj.html,UI课程
仲明亮素描课2020【画质高清】,https://chenwenb.com/zmlsumiao2020.html,手绘课程
张策短视频导演养成记2021【画质高清】,https://chenwenb.com/zcdspdyycj2021.html,视频课程
火星时代影视与包装线上班2020年【画质高清】,https://chenwenb.com/hxsdysbaozhuang.html,视频课程
【走路摇】Q版萌系插画班【画质还可以】,https://chenwenb.com/zlyqbmxchb.html,手绘课程
辰露古风国潮第7期商业插画课2021年2月结课【画质高清有笔刷课件】,https://chenwenb.com/clgfgc7.html,手绘课程
付顽童商业字体设计课2021年7月结课【画质高清有素材】,https://chenwenb.com/fwtztsjjk2021.html,平面设计
沐沐儿童摄影课程【画质不错有素材】,https://chenwenb.com/mumuetsy.html,视频课程
krenz构成第6期2021年6月结课【画质高清有课件笔刷】,https://chenwenb.com/krenzgoucheng6.html,手绘课程
安德烈素描基础班+高级班【画质还行】,https://chenwenb.com/andelie.html,手绘课程
付顽童平面版式设计特战营2021年4月结课【画质高清有素材】,https://chenwenb.com/fwtbssjtzy2021.html,平面设计
Blender中文教程GameBoy全流程制作2021年6月结课【画质高清有素材】,https://chenwenb.com/blendergameboy.html,Blender课程
鬼老师人体色彩特训2019年11月【画质高清有板书】,https://chenwenb.com/guiguigui.html,手绘课程
【Motion】AE动态设计 超越技术的动态思维 ｜打造脱颖而出的代表作【画质高清有素材】,https://chenwenb.com/cyjsddtsw.html,AE课程
巧匠樱桃C4D视觉特效班第21期【画质高清有部分课程素材】,https://chenwenb.com/yingtaoc4d21.html,C4D课程
【良知塾】商业插画基础课【画质高清有素材】,https://chenwenb.com/lzssychjck.html,手绘课程
安娜阴人体色彩特训班2020年3月结课【画质高清有笔刷课件】,https://chenwenb.com/annayin2020.html,手绘课程
阿南漫画分镜特训班2019年【画质高清】,https://chenwenb.com/nanmhfjtxb.html,手绘课程
高精度《暗影刺客》流程制作教程【画质不错有素材】,https://chenwenb.com/anyingcike.html,zbrush课程
Domestika – 用Photoshop制作数字幻想肖像【画质高清有笔刷】,https://chenwenb.com/zzszhxxx.html,手绘课程
【良知塾】摄影后期技法课之灰度蒙版【画质高清有素材】,https://chenwenb.com/lzssyhqhdmb.html,视频课程
【嗨森课堂】人像后期高级班2020年9月结课【画质高清有素材】,https://chenwenb.com/youyirxhq18.html,视频课程
火星时代2020UE4高级程序开发工程师【画质高清】,https://chenwenb.com/hxsdue42020.html,视频课程
【缺课】俊西junc2021【画质不错有笔刷课件】,https://chenwenb.com/junc2021.html,手绘课程
【王威】零基础商业短视频创作班第5期 2020年12月结课【画质还行】,https://chenwenb.com/wwsydspczb5.html,电商设计
椰果视觉 品牌运营设计第五期【画质高清2019年9月】,https://chenwenb.com/ygsjppyysj5.html,平面设计
莫那风清2021年少女角色与插图绘制专题班【画质高清有课件】,https://chenwenb.com/fengqing2021.html,手绘课程
zbrush魔型志第一期【画质高清】,https://chenwenb.com/zbrushmxz1.html,zbrush课程
Maya院线场景动画制作流程完全教学【画质高清无素材】,https://chenwenb.com/mayayxcjdh.html,视频课程
【良知塾】创意合成完全指南：从理念到技法【画质高清】,https://chenwenb.com/lzscyhcwqzn.html,电商设计
企鹅妈妈商业插画课第10期+第8期【画质不错】,https://chenwenb.com/qqmother108-1.html,手绘课程
指绘【沐白酱-】日系头像二期2020年12月结课【画质还行】,https://chenwenb.com/mubaijiang2020.html,手绘课程
墨狼blender三维辅助绘画设计流程2019年10月【画质高清有素材】,https://chenwenb.com/molangblender.html,Blender课程
兔八叉小场景团练课2020年8月结课【画质高清有笔刷】,https://chenwenb.com/tubachaxcjtlk1.html,手绘课程
【良知塾】万晨曦 illustrator系统课程 基础篇【画质高清有素材】,https://chenwenb.com/lzswcxaijc.html,ai课程
【良知塾】白志勇 After Effects 全案例系统教程【画质高清】,https://chenwenb.com/lzsbzyae.html,AE课程
抖抖抖村 通用板绘上手【画质高清】,https://chenwenb.com/ddctybhss.html,手绘课程
【YOTTA】C4D XPresso｜从初阶到进阶－资深动画师都想学习的C4D技巧【画质高清有素材】,https://chenwenb.com/yottaxpresso.html,C4D课程
krenz构成第4期2020年6月结课【画质高清有笔刷课件】,https://chenwenb.com/krenzgc4.html,手绘课程
奇异熊吉插画与动画前期设计第1期【画质高清】,https://chenwenb.com/qiyixiongji1.html,手绘课程
krenz透视第8期2021年4月结课【画质高清有笔刷课件】,https://chenwenb.com/krenztoushi8.html,手绘课程
【已完结】南门录像厅PR剪辑思维训练营2021附赠从小白到剪辑师2020【画质高清有部分课程素材】,https://chenwenb.com/nmlxtprjjswxly2021.html,视频课程
鱼小沫2020少女头像线稿精品课零基础入门【画质高清】,https://chenwenb.com/yxmsnxgtx2020.html,手绘课程
跟王云飞学线圈插画【画质高清】,https://chenwenb.com/gwyfxxqch.html,手绘课程
商业海报设计PS合成教程【画质高清有素材】,https://chenwenb.com/syhbsjps.html,视频课程
抖抖抖村 绘画人必备习惯2020【画质不错】,https://chenwenb.com/doudoucun2020.html,手绘课程
nutdrm小团练2021年1月结课【画质高清有笔刷】,https://chenwenb.com/nutxtli-2.html,手绘课程
【雀斑儿-chn】2021年2月iPad插画少女头像线稿课【画质高清有素材】,https://chenwenb.com/qubanipad2021.html,手绘课程
【SijaHong六厘】 艺术装饰插画2018年商业插画课【画质不错有笔刷】,https://chenwenb.com/sijahong6l2018.html,手绘课程
【良知塾】万晨曦 Photoshop系统教程 基础篇【画质高清有素材】,https://chenwenb.com/lzswcxps.html,电商设计
【良知塾】 Lightroom系统教程【画质高清有素材】,https://chenwenb.com/lzslightroom.html,视频课程
【大触来了】高木树理2021年6月日系少女角色设计班已完结【画质高清有笔刷课件】,https://chenwenb.com/gaomushuli2021.html,手绘课程
离城古风精品插画班2019【画质一般有笔刷】,https://chenwenb.com/licheng2019.html,手绘课程
特兰克斯悟天素描课2018【画质高清】,https://chenwenb.com/tlwtks2018.html,手绘课程
ue4蓝图进阶【画质高清】,https://chenwenb.com/ue4ltjj.html,视频课程
野生奶冻ipad插画课2020【画质高清】,https://chenwenb.com/ysndipad2020.html,手绘课程
刀鱼keyshot9工业设计产品渲染视频教程【画质高清有素材】,https://chenwenb.com/daoyuks9.html,视频课程
【大触来了】不说破的脏2021年耽美人物角色刻画班【画质高清】,https://chenwenb.com/8shuopo2021.html,手绘课程
莫那白川柏川2019年2月【画质一般有笔刷】,https://chenwenb.com/baichuan2019.html,手绘课程
【木丣muyou】ipad少女插画2020年7月【画质高清有笔刷】,https://chenwenb.com/muyouipad2020.html,手绘课程
【缺课】中京安blender概念设计2019【画质高清有工程文件】,https://chenwenb.com/zjablender2019.html,Blender课程
niaoniao第十五期OC渲染课2021年6月29日刚结课【画质高清有部分工程】,https://chenwenb.com/niaoniao15.html,C4D课程
【天然R】欧美风格小众漫画入门班2020年7月【画质高清有课件】,https://chenwenb.com/tianranrmhb2020.html,手绘课程
【不缺课】跟大神一天学会域 HelloLuxx 【画质高清中文字幕】,https://chenwenb.com/onedayxhy.html,C4D课程
HelloLuxx 一天学会绑定【画质高清中文字幕】,https://chenwenb.com/onedayxhbd.html,C4D课程
【寺久】日系伪厚涂头像班2021年1月原画人【画质高清有课件】,https://chenwenb.com/sijiuwht2021.html,手绘课程
【李涛】数码摄影后期高手之路视频课程【画质高清有素材】,https://chenwenb.com/litaosyhqgszl.html,视频课程
喵喵九季头像班第五期2021年1月【画质还可以】,https://chenwenb.com/miao9txb5.html,手绘课程
冯炳焜品牌思维训练营2020第二期【画质高清】,https://chenwenb.com/fbkppsw2020.html,平面设计
AE必学特效实战课｜只要你懂特效，特效就会帮你2021年3月完结【画质高清有素材】,https://chenwenb.com/aebxtexiao.html,AE课程
【肚肚九九】ipad场景插画基础训练2020年12月【画质高清有笔刷】,https://chenwenb.com/dudu99ipadcjch.html,手绘课程
画画的漫漫水彩团练第八期2021年ipad插画课【画质高清】,https://chenwenb.com/manmanipad8.html,手绘课程
鱼雨桐商业插画国风典藏2020年1月【画质高清有笔刷素材】,https://chenwenb.com/guofengdianchang2020.html,手绘课程
那仁水彩花卉团练第三期【画质高清】,https://chenwenb.com/narensctl3.html,手绘课程
MMMello的少女风插画课第1期2021年ipad插画课【画质高清有笔刷】,https://chenwenb.com/mmmello1.html,手绘课程
夏七酱水彩团练2020年1月完结【画质高清】,https://chenwenb.com/xia7jsctl2020.html,手绘课程
【mszxxx豆子】第一期2021年ipad插画课【画质高清】,https://chenwenb.com/mszxxxipad1.html,手绘课程
王朝阳色彩与光影2020【画质高清】,https://chenwenb.com/wcyscygy2020.html,手绘课程
中国风场景商业插画课,https://chenwenb.com/gfsychk.html,手绘课程
狄大萌ipad头像团练第1期2021年3月完结【画质高清有笔刷】,https://chenwenb.com/didamengtulian1.html,手绘课程
刘晓翔书籍设计与版面网格系统【画质高清】,https://chenwenb.com/liuxiaoxiang.html,平面设计
bug夏韩系头像课第二期2021年4月ipad插画【画质高清有笔刷】,https://chenwenb.com/bugxiaipad2.html,手绘课程
叮咛叮咛男生头像团练2021年5月【画质高清有笔刷】,https://chenwenb.com/dingning20215.html,手绘课程
二颗颗二头像课第一期2021年3月结课【画质高清有笔刷】,https://chenwenb.com/2keke2touxiang1.html,手绘课程
一吱爱画画ipad头像课第2期2021年3月【画质高清有笔刷】,https://chenwenb.com/yizhiaihh2.html,手绘课程
zbrush2020新手入门基础教程【画质高清有素材】,https://chenwenb.com/zbrush2020rm.html,zbrush课程
叶紫紫古风Q版厚涂班第一期2020年4月结课【画质不错有笔刷课件】,https://chenwenb.com/yeziziqb1.html,手绘课程
【Victor cloux】V大第二期【画质高清有笔刷课件】,https://chenwenb.com/victor_cloux2.html,手绘课程
【良知塾】刘沛冉电商设计0基础到就业2020年10月结课【画质高清有素材】,https://chenwenb.com/lprdssj0jc2.html,电商设计
嘿马电商视觉营销特训班第二期【画质高清有素材】,https://chenwenb.com/heimadssj2.html,电商设计
彦弛水墨班第3期不加密2021年1月份完结【画质高清有笔刷课件】,https://chenwenb.com/yanchishuimo3.html,手绘课程
白无常C4D+OC第十期2020年12月【画质高清有素材】,https://chenwenb.com/bwcoc10.html,C4D课程
刘锐摄影后期第二季2020【画质不错有素材】,https://chenwenb.com/liurui2020.html,视频课程
【缺课】zwy张惟怡2020【画质不错有笔刷】,https://chenwenb.com/weiyi2020.html,手绘课程
小田仙人C4D第四期2021年不加密【画质不错有素材】,https://chenwenb.com/xiaotianxianrenc4d.html,C4D课程
Blender恐龙超完整实例制作视频教程【画质高清有素材】,https://chenwenb.com/blkonglong.html,Blender课程
Blender女性头发造型实例制作【画质高清有素材】,https://chenwenb.com/blendernxtfzz.html,Blender课程
奶哥视觉全能班第三期2020年5月【全套完整画质高清有课件】,https://chenwenb.com/naigesjqnb3.html,平面设计
打动人心的创作秘密，画出个性的角色设计【画质高清】,https://chenwenb.com/hcgxdjssj.html,手绘课程
陈惟CG插画教程大合集,https://chenwenb.com/chenweihj.html,手绘课程
画仙儿妮妮ipad插画课2021年1月【画质高清有笔刷】,https://chenwenb.com/hxrnn2021.html,手绘课程
【蕾姆】七天学会三维美型角色极速流程【画质高清有素材】,https://chenwenb.com/leimu.html,视频课程
应图马第11期基础班+提升班+ipad课+送第12期大师班【画质高清有笔刷有素材】,https://chenwenb.com/ytdhj11.html,手绘课程
阿花线稿团练第2期2021年4月ipad插画课【画质不错有笔刷】,https://chenwenb.com/ahuaxgtl2.html,手绘课程
高精度硬表面3D角色概念设计高级教程【画质高清有素材】,https://chenwenb.com/gjdybm3djssj.html,zbrush课程
狄大萌ipad头像团练第2期2021年5月28日结课【画质高清有笔刷】,https://chenwenb.com/didamengtl2.html,手绘课程
Redum三土PS插画基础班2020年9月结课【画质高清有笔刷】,https://chenwenb.com/santujichu2020.html,手绘课程
coooo爱吃芝士第三期ipad插画课程2021年2月结课【画质不错有笔刷】,https://chenwenb.com/coooo2021.html,手绘课程
【人人译制】Blender2.9古代城堡【画质高清有部分素材】,https://chenwenb.com/blendergb.html,Blender课程
震腾腾儿童插画课第二期2020年【画质不错有笔刷】,https://chenwenb.com/zhentengteng2.html,手绘课程
UE4空山新雨后【不加密画质高清有素材】,https://chenwenb.com/ue4ksxyh7.html,视频课程
不带电第2期2018年11月【画质高清】,https://chenwenb.com/budaidian2018.html,手绘课程
孙无力插画大师班2021年新课【画质高清有笔刷】,https://chenwenb.com/swlchdashiban1.html,手绘课程
【大触来了】烟雨君古风第2期人物厚涂插画系统班2020年12月已完结【画质高清】,https://chenwenb.com/yanyujungf2.html,手绘课程
zpz场景设计班2019【画质高清有课件】,https://chenwenb.com/zpz2019.html,手绘课程
智疯版式字体设计课第2期2020年【画质一般有素材】,https://chenwenb.com/zfbsztsj2.html,平面设计
饭糕第17期日系背景班2019年【画质高清】,https://chenwenb.com/fangaorxbjb17.html,手绘课程
Maya职业角色动画【百艺汇聚】,https://chenwenb.com/baiyihuijumaya.html,视频课程
UE4手游入门课2018【画质一般】,https://chenwenb.com/ue4wjzj2018.html,视频课程
【中下游】第2期插画班2018年【画质高清有笔刷】,https://chenwenb.com/zhongxiayou2018.html,手绘课程
亲切第一KINDNESS第36期人像精修教程2021年4月结课【画质高清有素材】,https://chenwenb.com/qinqiediyi36.html,视频课程
【李睿】原画人美宣插画班2018年【画质高清】,https://chenwenb.com/liruimeixuan2018.html,手绘课程
Gaea逼真自然地形环境核心技术训练视频C4D教程2021年【画质高清有素材】,https://chenwenb.com/gaeadxhj.html,C4D课程
【VR写实系统班】观内外3DMAX室内效果图写实全程系统班2020年秋季班,https://chenwenb.com/3dmaxsnxgt.html,室内设计
tiye鸭鸭ipad插画课第1期2021年3月已完结【画质高清有笔刷】,https://chenwenb.com/tiyeyaya2021.html,手绘课程
【绘伴】2019年8月【画质高清】,https://chenwenb.com/huiban2019.html,手绘课程
NiaoNiao的C4D建模课第2期—零基础到为所欲为【画质还行有素材】,https://chenwenb.com/niaoniaoc4djm2.html,C4D课程
【阿海】男性角色创作班2020年【画质不错】,https://chenwenb.com/ahnxjsczb2020.html,手绘课程
分镜天地第四期网络班2019【画质高清】,https://chenwenb.com/fenjingtd4.html,手绘课程
李睿3D辅助第3期2020年【画质不错有课件】,https://chenwenb.com/lirui3dfz2020.html,手绘课程
郭术生C4D实战全能班第10期2020年【画质高清有素材】,https://chenwenb.com/c4dqnszb10.html,C4D课程
【缺课版】蓝Hallelujah秋季日系CG基础班【画质高清】,https://chenwenb.com/hallelujahjichuban.html,手绘课程
自由职业摄影师【画质不错】,https://chenwenb.com/wzyzyzysys.html,视频课程
【白子】人体特训班19年【画质高清有笔刷】,https://chenwenb.com/baizirttxb19.html,手绘课程
【中下游】带你用插画温暖世界【画质不错有笔刷】,https://chenwenb.com/zxydnychwnsj.html,手绘课程
【巧匠】电商设计蜕变进阶班第29期【2020年12月已完结】,https://chenwenb.com/qiaojiangtb29.html,电商设计
【巧匠】电商设计蜕变进阶班第25期【2020年6月已完结】,https://chenwenb.com/qiaojiangtb25.html,电商设计
霓虹慕斯ipad头像插画课2020年11月已完结【画质高清有笔刷】,https://chenwenb.com/nihongmusi2020.html,手绘课程
【莫那】杯杯日系厚涂色彩专题班2020年【画质高清】,https://chenwenb.com/beibei2020.html,手绘课程
【风的诗人】版式临摹课2021年的课已完结【画质高清】,https://chenwenb.com/fdsrbslmk1.html,平面设计
【风的诗人】快速学好版式设计【画质高清】,https://chenwenb.com/fdsrksxhbssj.html,平面设计
【张双】UI设计进阶班第7期【画质高清有部分素材】,https://chenwenb.com/zhangshuangui7.html,UI课程
【TVart】徐斌C4D产品建模+写实渲染2019年6月【画质高清有素材】,https://chenwenb.com/xubinc4djmxsxr.html,C4D课程
【TVART】电商产品渲染提高班第四期【画质高清有素材】,https://chenwenb.com/dscpxrtgb4.html,电商设计
【黑妹】Black sister第二期2021年3月结课【画质不错有笔刷】,https://chenwenb.com/black_sister2.html,手绘课程
电商设计项目实训班2020年11月结课【画质不错缺大部分素材】,https://chenwenb.com/dssjsxb2020.html,电商设计
【黑妹】Black sister人物插画第一期2020年9月结课【全套完整画质高清有笔刷】,https://chenwenb.com/black_sister1.html,手绘课程
【kunatata】iPad插画课复古童话风格【画质高清】,https://chenwenb.com/kunatata.html,手绘课程
使用Blender进行有趣的3D角色建模【画质高清有素材】,https://chenwenb.com/blender3djsjm.html,Blender课程
卡通美少女凯露实时三维静帧全流程案例教学【画质高清有素材】,https://chenwenb.com/kailumeishaonv.html,zbrush课程
【画学反应】牙爷欧美风游戏角色概念设计与风格化变形2019年11月【画质不错】,https://chenwenb.com/yaye2019.html,手绘课程
徐拯2019场景初级班第12期【画质高清有素材】,https://chenwenb.com/xuzhengcjcjb12.html,手绘课程
绘画笔迹素描课2019【画质高清】,https://chenwenb.com/hhbjsmk2019.html,手绘课程
腾小渔C4D零基础速成班第3期有素材【2020年10月完结】,https://chenwenb.com/txyc4dscb3.html,C4D课程
彤日三潜厚涂人物插画创作思维2020年【画质高清】,https://chenwenb.com/tongrisanqian2020.html,手绘课程
AE+C4D特效案例2020年【画质高清有部分素材】,https://chenwenb.com/aec4dgj2020.html,C4D课程
overwater摄影课第一期【画质高清有素材】,https://chenwenb.com/overwater-1.html,视频课程
【YOTTA】从设计到沟通·品牌识别设计【画质高清】,https://chenwenb.com/yottacsjdgt.html,平面设计
百图特攻队第2期【画质高清】,https://chenwenb.com/baitutegong2.html,ai课程
【莫那】太子池安CG基础绘画课2019年12月结课【画质高清】,https://chenwenb.com/taizicgjchhk.html,手绘课程
艾琦运营插画设计教程【画质高清】,https://chenwenb.com/aiqiyychsj.html,手绘课程
刘痕字体版式设计2020年6月结课【画质高清有课件】,https://chenwenb.com/liuhen2020.html,平面设计
赵震北CG课程2020年【画质高清有素材】,https://chenwenb.com/zhaozbcg2020.html,手绘课程
【大触来了】脐带老妖厚涂插画第3期2020年8月【画质不错】,https://chenwenb.com/qidailaoyao3.html,手绘课程
邓瑞宁子 水彩团练第四期2020【画质高清】,https://chenwenb.com/ningzishuicai4.html,手绘课程
【莫那】兔美 色彩技法提升班2020年8月【画质高清】,https://chenwenb.com/mntmscjftsb2020.html,手绘课程
那仁 水彩团练2020【画质不错】,https://chenwenb.com/narentl2020.html,手绘课程
皮埃尔ipad插画团练课美型人物头像2021年3月结课,https://chenwenb.com/piaieripadtx.html,手绘课程
【付顽童-子良】C4D+OC渲染应用综合案例集合2019年【画质高清有工程文件】,https://chenwenb.com/fwtc4doc2019.html,C4D课程
米你课堂摄影后期第16期2020年【VIP】,https://chenwenb.com/minisyhq16.html,电商设计
【莫那】椒塩柚子茶零基础日系插画2020【画质不错】,https://chenwenb.com/youzicha2020.html,手绘课程
一哥达拉色彩团练班第四季2021年,https://chenwenb.com/yigedala4.html,手绘课程
AE包装特效进阶课程2020【画质高清有素材】,https://chenwenb.com/aebztxjjcj.html,视频课程
涵品电商设计2020【画质高清有素材】,https://chenwenb.com/hanpin2020.html,电商设计
芝士学院平面海报实验室周少龙【画质高清】,https://chenwenb.com/pmhbsys.html,平面设计
【冷蝉】原画人二次元插画第6期【画质不错】,https://chenwenb.com/lengchan6.html,手绘课程
【ipad插画】画久久Procreate插画入门+案例【画质高清有笔刷有素材】,https://chenwenb.com/huajiujiu.html,手绘课程
UE4汽车影视级数字可视化设计2020【画质高清】,https://chenwenb.com/ue4qcysj.html,视频课程
【人工翻译】耶稣OC渲染器精进之路【高清不加密有工程】,https://chenwenb.com/yesuocrgfy.html,C4D课程
【郭术生徐斌】轻松学习C4D不加密【2021年4月完结画质高清有素材】,https://chenwenb.com/qingsongc4d.html,C4D课程
雄彪PR2019视频剪辑师特训班课程,https://chenwenb.com/xiongbiaopr2019.html,视频课程
罗其胜网络班第七期2019年【画质高清有素材】,https://chenwenb.com/lqswlb7.html,zbrush课程
gua老师ipad人物头像课2021年3月完结【画质高清有笔刷】,https://chenwenb.com/gualstxk2021.html,手绘课程
壹零商业插画课2020【画质不错有笔刷】,https://chenwenb.com/yilingch2020.html,手绘课程
南宋武士顶级影视角色制作案例教学【画质高清】,https://chenwenb.com/nsws.html,zbrush课程
Proko付费课程人体、肖像、解剖合集【画质高清中文字幕】,https://chenwenb.com/prokohj.html,手绘课程
鬼猿影视概念设计第六期2019年【画质还不错】,https://chenwenb.com/guiyuan2019.html,手绘课程
【子凡】 画你画她画我们的人物日系头像绘画教程【画质高清有课件】,https://chenwenb.com/zifanrxtxhh.html,手绘课程
Arnold 阿诺德真实材质宝典【画质高清中文有工程文件】,https://chenwenb.com/arnoldzsczbd.html,C4D课程
职业手办原型师专业技能与3D打印培训班第三期【画质高清】,https://chenwenb.com/zysb3ddy3.html,zbrush课程
原生正太古风角色插画创作班2019,https://chenwenb.com/ysztgfb2019.html,手绘课程
Blender初学者人物动画制作,https://chenwenb.com/cxzrwdhzz.html,Blender课程
伊绘系统绘画训练营2019【画质高清有素材】,https://chenwenb.com/yihui2019.html,手绘课程
巧匠樱桃C4D视觉特效班第18期【画质高清】,https://chenwenb.com/qjytc4d18.html,C4D课程
疯子班XI期摄影课堂【画质高清】,https://chenwenb.com/fengzixi.html,视频课程
niaoniao第十四期oc渲染课【2021年4月16结课有素材】,https://chenwenb.com/niaoniao14.html,C4D课程
【莫那】抹茶色彩专题班第四期2019年8月25日,https://chenwenb.com/mochascztb4.html,手绘课程
Arnold6 阿诺德终极指南【中文字幕画质高清有工程文件】,https://chenwenb.com/arnold6.html,C4D课程
《灯光宝典系列》深入理解灯光的秘密 渲染必备 硬核高能【画质高清中文人工翻译】,https://chenwenb.com/dgbdxldmm.html,视频课程
绘研社deoR2020水彩班【画质高清】,https://chenwenb.com/deor2020scb.html,手绘课程
【杰视帮】线上合成进阶班第50期【画质不错有素材】,https://chenwenb.com/jsbhcjjb50.html,电商设计
绘研社deoR2020线条班【画质高清有笔刷】,https://chenwenb.com/deor2020xtb.html,手绘课程
颜伟UI设计适配与落地【画质高清有素材】,https://chenwenb.com/ywuisjspyld.html,UI课程
【张双】图标规范与视觉揭秘【画质高清有课件素材】,https://chenwenb.com/tbgfysjjm.html,UI课程
【云尚教育】2020工业ID软件班(暑假一期) · Rhino+Keyshot+More,https://chenwenb.com/ysjygyrjb2020.html,视频课程
【李圣元】原画人CG角色设计【画质不错有课件素材】,https://chenwenb.com/lsycgjssj2017.html,手绘课程
【莫那】不是芹菜是菜芹人物创作第2期【画质高清】,https://chenwenb.com/qincairwcz2.html,手绘课程
牟真民第8期角色设计实战研修班【画质高清有笔刷】,https://chenwenb.com/mzmjssjyxb8.html,手绘课程
【大触特训班第1期】Merasgar+日光+圣地娅鸽+月半狼叫+幽灵星,https://chenwenb.com/dctbx1.html,手绘课程
火星时代AE-C4D影视包装全能设计师71班,https://chenwenb.com/hxsdysbzqn71.html,C4D课程
【郭术生】AE系统全能班第4期【画质高清有素材】,https://chenwenb.com/aextqnb4.html,AE课程
nutdrm第6期【画质还行有笔刷】,https://chenwenb.com/ndrm6.html,手绘课程
Unity 3D卡通风格手游地编流程,https://chenwenb.com/3dktfgsydblc.html,视频课程
【y园糖】运营插画速成教程唐园园【画质高清有素材】,https://chenwenb.com/yychscjcyyt.html,手绘课程
方形动态2期,https://chenwenb.com/fangxdt2.html,视频课程
白无常C4D超级班第8期2019年高清,https://chenwenb.com/bwccjb8.html,C4D课程
竹笋集手绘直播课第1期2019年【画质高清】,https://chenwenb.com/zhusunji-1.html,手绘课程
【月半狼叫】商业lolita立绘设计班2019年【画质高清】,https://chenwenb.com/ybljlolita.html,手绘课程
C4D教程《Octane宝典》神光的秘密 太空音乐Walk Away 商业灯光技法全面解析( 灯光 太空人、史诗场景) 视频教程,https://chenwenb.com/c4d-octane-1.html,C4D课程
应谋鬼计UE体验设计第7期【画质高清有素材】,https://chenwenb.com/ymgjue7.html,视频课程
舞小仙灵感创作班2020年1月完结【画质高清有笔刷课件】,https://chenwenb.com/wuxiaoxian2020.html,手绘课程
【卢帅】老卢商业版式特训营第2期,https://chenwenb.com/lssybstxy2.html,平面设计
银色骐骥古风插画班2019,https://chenwenb.com/ysqj2019.html,手绘课程
UE4户外森林场景全流程教学,https://chenwenb.com/ue4senlin.html,视频课程
狄大萌iPad插画半厚涂寒假特训班【2021年3月10日完结】,https://chenwenb.com/didamenipad.html,手绘课程
莫那三朿超萌Q版人物插画【2021年新课】,https://chenwenb.com/mnscqbrwch.html,手绘课程
鱼雨桐插画课基础班+进阶班2020年新课,https://chenwenb.com/jchuhjj2020.html,手绘课程
【DeadPrince】大触来了 ipad原创插画设计班【画质高清】,https://chenwenb.com/deadprince.html,手绘课程
【ipad插画】阿花水彩风少女团练第一期,https://chenwenb.com/ahscfsntl1.html,手绘课程
【大触来了】梦野黑甜日系插画人物设计班【画质高清2021年1月完结】,https://chenwenb.com/myhtrxchrw.html,手绘课程
莫那Toduring插画构图设计,https://chenwenb.com/toduring-1.html,手绘课程
【张双】UI界面设计系统教程：组件、页面【画质高清有课件】,https://chenwenb.com/zsuijmsjxtkc.html,UI课程
卢帅LOGO特训营第2期【画质高清】,https://chenwenb.com/lushuai2.html,平面设计
云尚教育Keyshot产品渲染后期进阶课程【第一期2020年5月】,https://chenwenb.com/yunshangks2020.html,视频课程
(蓝子云)蓝贵莲插画第28期【2020年7月结课】,https://chenwenb.com/lian28.html,手绘课程
87time C4D+OC 产品建模渲染第11期【画质不错有素材】,https://chenwenb.com/87time11.html,C4D课程
王猛奇版式设计第27期有素材【2020年6月已完结】,https://chenwenb.com/mengqi27.html,平面设计
冷锋过境角色绘画创作班2020年【画质高清有素材】,https://chenwenb.com/lfgj2020.html,手绘课程
从专案开始带你学习C4D,https://chenwenb.com/czadnksxxc4d.html,C4D课程
K先生第11期版式训练营2020年9月【画质高清有素材】,https://chenwenb.com/kbsxly-11.html,平面设计
郭术生C4D全能实战班第9期【画质高清有素材】,https://chenwenb.com/gssqnszb9.html,C4D课程
【超稀有】2020光翼日韩夏季班【2020年9月的画质超清】,https://chenwenb.com/gyxjrhb2020.html,手绘课程
【新片场】职业导演核心课【画质高清】,https://chenwenb.com/xpczydyhxk.html,视频课程
墨染UI动效特训营第11期【2020年5月已结课】,https://chenwenb.com/mruidxtxy11.html,UI课程
新片场-《剪辑大师课》奥斯卡最佳剪辑师的剪辑思路与技巧,https://chenwenb.com/xpcjjdsk.html,视频课程
孔晨PRD UI设计全栈班第五期【2019】,https://chenwenb.com/kcprdui5.html,UI课程
UI设计师全链路实战班2020年【画质高清】,https://chenwenb.com/wzyuiqll2020.html,UI课程
Martin马丁创意365天【上部+下部】,https://chenwenb.com/martin365.html,平面设计
亲切第一张蕾KINDNESS第35期人像精修教程【全套完整】,https://chenwenb.com/qinqiedy35.html,视频课程
春忍在画画第一期2020年9月结课【画质高清】,https://chenwenb.com/chunren1-1.html,手绘课程
应图马商业插画课有基础班+提升班+ipad课,https://chenwenb.com/hjsychk.html,手绘课程
米你课堂平面设计第13期【有素材】,https://chenwenb.com/minipmsj13.html,平面设计
俊西junc2020,https://chenwenb.com/junxi2020.html,手绘课程
朱峰概念设计网络班第一期,https://chenwenb.com/zfgnsjwlb-1.html,手绘课程
niaoniao第十三期oc渲染课有素材【2021年2月5日结课】,https://chenwenb.com/niaoniao13-2.html,C4D课程
orb插画与品牌设计班,https://chenwenb.com/orbchyppsjb.html,手绘课程
善良的峰哥哥keyshot9.0系统教学【画质高清不缺课】,https://chenwenb.com/sldfggks9-1.html,视频课程
善良的峰哥哥keyshot9.0进阶班【2020年6月结课】,https://chenwenb.com/sldfggjjb.html,视频课程
C4D真实食物建模渲染教程2020年【画质高清有素材】,https://chenwenb.com/zsms2020.html,C4D课程
田小状ipad插画课程2018年10月【画质一般】,https://chenwenb.com/txzipad2018.html,手绘课程
GSG灰猩猩Redshift渲染器教程【人工翻译中文】,https://chenwenb.com/gsgrs-1.html,C4D课程
周小馋AI插画30天萌漫之旅【画质高清】,https://chenwenb.com/zhouxiaochan30.html,ai课程
轻微课漫画创作魔鬼特训班【全套完整画质高清】,https://chenwenb.com/qwkmhczb.html,手绘课程
nutdrm第5期【2020年12月完结】,https://chenwenb.com/ndrm5.html,手绘课程
MiLLions_百万ipad手绘课第三期头像入门团练【2021年2月4日结课】,https://chenwenb.com/millions3.html,手绘课程
柯一正2020,https://chenwenb.com/keyizheng2020.html,手绘课程
【doyoudo】小莫C4D上部+下部出神入化的材质原理【全套完整有素材】,https://chenwenb.com/xiaomoc4d12.html,C4D课程
逆转未来电商产品OC渲染训练营第2期【2020年6月完结】,https://chenwenb.com/nzwl2-1.html,C4D课程
米你课堂商业插画设计实战班【VIP】,https://chenwenb.com/mnsychsjszb.html,手绘课程
米奈Minet板绘插画课第8期【画质高清有课件和笔刷】,https://chenwenb.com/minet8-1.html,手绘课程
RWDS插画课第一期【画质高清有素材】,https://chenwenb.com/rwds1-1.html,手绘课程
管郁生油画侠造型逻辑班第一期2019年5月【高清不缺课】,https://chenwenb.com/gyszxljb-1.html,手绘课程
罡渡晨星水墨教程C4D+AE综合案例基础包装特效项目教学共113节【不加密完整有素材】,https://chenwenb.com/gdcxshuimo.html,AE课程
UE4特效高级课程月神2期【画质不错有部分素材】,https://chenwenb.com/ue4yueshen2.html,视频课程
顾佳艺色彩基础班第四期【画质高清】,https://chenwenb.com/yfdtsjs83.html,手绘课程
Nutdrm插画班第2期【画质高清有笔刷】,https://chenwenb.com/ndrm2.html,手绘课程
87timeC4D+PS合成班第二期2020年【画质高清有素材】,https://chenwenb.com/87timexj2.html,C4D课程
C4D动态设计宝典第二季 Mograph Design 运动图形高端操作,https://chenwenb.com/c4ddtsjbd2-1.html,C4D课程
艺类WorkShop1.0版2019年,https://chenwenb.com/workshop1-1.html,手绘课程
一种感动KeyShot9.0线上直播课程第一期2020年5月结课,https://chenwenb.com/yzgdkeyshot.html,视频课程
朝西里犀牛Rhino7 SubD细分建模教学2020年10月结课,https://chenwenb.com/cxlrhino7.html,视频课程
阿波C4D零基础实战特训班2021年1月完结【画质高清有部分工程文件】,https://chenwenb.com/abo0jcsj.html,C4D课程
漫画设计创作专业班【画质高清有课件】,https://chenwenb.com/mhsjczzyb.html,手绘课程
酥卷商业插画全套班VIP课堂,https://chenwenb.com/sujuan-1.html,手绘课程
原画人绘画进阶班 喜娃,https://chenwenb.com/xiwa12-1.html,手绘课程
新Arnold for Maya完全教学核心基础篇【画质高清只有视频】,https://chenwenb.com/newformaya.html,Arnold课程
CG插画日韩风入门课第四期（头像）板绘上色技巧半厚涂2020年课程,https://chenwenb.com/dandan4-1.html,手绘课程
HOHO猴零基础扁平肌理风商业插画课2020年【画质高清有课件】,https://chenwenb.com/hohohou-1.html,手绘课程
阿波C4D OC产品渲染教程第一期 OC案例式电商产品渲染 偏综合【不加密画质高清有工程文件】,https://chenwenb.com/aboc4d-1.html,电商设计
max一枝花Redshift渲染百科不加密画质高清有工程文件,https://chenwenb.com/yzhrsxrbk.html,C4D课程
轻微课2020年日系厚涂魔鬼训练班（画质高清全套完整）,https://chenwenb.com/qwkrxht.html,手绘课程
【电绘狂】透视篇第五期2021年1月23日刚完结新课（画质高清）,https://chenwenb.com/dhktsp5.html,手绘课程
刘杨2020人像精修课程2020年11月已完结【画质一般】,https://chenwenb.com/liuyang2020.html,视频课程
翼次方罗马战士案例全流程,https://chenwenb.com/ycflmzs.html,zbrush课程
白无常C4D精英班第24期【有缺课】,https://chenwenb.com/bwcjyb24.html,C4D课程
像素范儿UI动效基础：AE动效表现课,https://chenwenb.com/xxfruiae.html,UI课程
杰视帮电商合成案例教程,https://chenwenb.com/jsbdshcal.html,电商设计
李舜IP形象设计全解实战班2020年12月已完结不加密,https://chenwenb.com/lsipxxsj.html,手绘课程
【大触来了】黑芝麻糊水墨古风插画创作班,https://chenwenb.com/heizmh1-1.html,手绘课程
电绘狂2019年合集,https://chenwenb.com/dhk2019hj.html,手绘课程
水熊二次元角色设计课2020年10月结课,https://chenwenb.com/shuixiong2020.html,手绘课程
向天歌李兴兴AE+Pr高能秘籍课完整有素材,https://chenwenb.com/aeprgnmjk.html,AE课程
罡渡晨星教程合集,https://chenwenb.com/gdcxkchj.html,AE课程
罡渡晨星AE-Stardust星尘粒子教程教学全套AE综合基础教程【全套完整不加密】,https://chenwenb.com/gdcxaelz.html,AE课程
不错实验室-从零开始的平面设计:平面构成/平面基础/平面教程,https://chenwenb.com/bcsyspmsj.html,平面设计
杨帆C4D动态班第三期2020年（画质还行有部分课程素材）,https://chenwenb.com/yfc4ddtb3.html,C4D课程
动真格AE系统讲解教程(画质高清有素材),https://chenwenb.com/dzgae1.html,AE课程
俄罗斯的BDSR BROADCAST高级视频包装C4D教程（画质高清有素材中文字幕）,https://chenwenb.com/elsc4dbz.html,C4D课程
冯渡最新第7期一起画TV插画零基础手绘课非科班提升审美追赶科班,https://chenwenb.com/fengdu7-1.html,手绘课程
【电绘狂】骨架篇第九期 2020年12月新课（画质高清）,https://chenwenb.com/dhkgj9-1.html,手绘课程
【电绘狂】褶皱篇第五期 2020年5月(画质高清),https://chenwenb.com/dhkzz5-1.html,手绘课程
【电绘狂】色彩篇第一期2020年12月新课,https://chenwenb.com/dhkscb1-1.html,手绘课程
【电绘狂】光影篇第五期2020年6月(画质高清),https://chenwenb.com/dhkgy5-1.html,手绘课程
C4D+OC雪山松林场景全流程,https://chenwenb.com/xsc4d2.html,C4D课程
yotta-林思瀚AE动态设计全方位,https://chenwenb.com/yotta-ae1.html,AE课程
CG插画日韩风入门课第三期（头像）板绘上色技巧半厚涂,https://chenwenb.com/dandan3-1.html,手绘课程
李辰MG动画高手之路14章完整AE+C4D教程（画质高清有素材）,https://chenwenb.com/mgdhgszl1-1.html,C4D课程
轻微课2020年古风插画魔鬼特训班（画质高清全套完整）,https://chenwenb.com/qwkgf1-1.html,手绘课程
轻微课2020年日系动漫插画魔鬼特训班（画质高清全套完整）,https://chenwenb.com/qwkdm1-1.html,手绘课程
UE4 面向美术的3D数学材质核心原理教学（画质高清）,https://chenwenb.com/ue43d1-1.html,视频课程
亲切第一张蕾KINDNESS第33期(画质高清全套完整有素材2020年5月结课),https://chenwenb.com/qqdy33.html,视频课程
森谷角色与服装设计班2019.11月结课(画质高清有课件素材),https://chenwenb.com/sgfzsj.html,手绘课程
尚巍手写字入门课+尚巍手写体字形设计与表现(画质高清),https://chenwenb.com/swkchj.html,平面设计
基于DAZ的角色制作全流程教学：紫罗兰篇(画质高清全套完整有素材),https://chenwenb.com/zll1-1.html,视频课程
C4D+Arnold中文教程max一枝花(画质高清有工程文件),https://chenwenb.com/arnoldyzh.html,C4D课程
NK C4D高级案例教程（全套完整画质高清有素材）,https://chenwenb.com/nkc4d1-1.html,C4D课程
释开达插画师养成记（基础篇）,https://chenwenb.com/skdchsyc.html,手绘课程
米你课堂超级C4D提升进阶第九期（画质高清有素材2020年2月结课，另赠送第十期）,https://chenwenb.com/minic4d9.html,C4D课程
胡晓波品牌班第29期（画质还行有素材2020年6月新课）,https://chenwenb.com/bbb29.html,平面设计
探先生字体课第三期（画质还行有素材）,https://chenwenb.com/txs3-1.html,平面设计
深夜学院韩建毅第五期高精度3D角色实训职业向进阶班(画质高清不加密),https://chenwenb.com/hjyd5q.html,zbrush课程
逆转未来小被子产品渲染训练营第五期KEYSHOT（不加密2020年8月结课没素材）,https://chenwenb.com/keyshot5.html,视频课程
灰昼C4D第13期2020年新课（不加密已完结有素材）,https://chenwenb.com/huizhou13-1.html,C4D课程
卢帅 商业LOGO-VI特训大师班（画质高清）,https://chenwenb.com/lushuai1-1.html,平面设计
y园糖插画打卡21天3期+4期+5期,https://chenwenb.com/yyt345.html,手绘课程
嘎罗实用商业插画全能班第3期罗雨舒第三期【画质高清全套完整有素材2020年9月已完结】,https://chenwenb.com/galuo3.html,手绘课程
NiaoNiao的第12期OC渲染课有素材（2020年12月01日最新完结的鸟鸟第十二期）,https://chenwenb.com/niaoniao12.html,C4D课程
3dsmax零基础自学手册(全套完整画质高清有配套素材),https://chenwenb.com/3dmaxcjbd.html,3dmax课程
赛博女警影视角色高级案例教学（画质高清有素材）,https://chenwenb.com/sbntj.html,zbrush课程
喵小玉Q版角色设定班第1期 2020年10月已完结,https://chenwenb.com/mxyqb1-1.html,手绘课程
R站C4D电商产品建模实战宝典第一季+第二季（不加密画质高清）,https://chenwenb.com/rzc4djm1-2.html,C4D课程
张王哲职业插画师养成班(第1期已完结)2020年教程,https://chenwenb.com/zwz1-1.html,手绘课程
桑德兰的等待插画教程（画质高清有笔刷）,https://chenwenb.com/sangda1-1.html,手绘课程
曼奇立德2020ab班完整版(画质高清有课件，新增大量助教改图的课),https://chenwenb.com/manqi2020ab.html,手绘课程
UI设计进阶班第6期张双（画质高清2020新课）,https://chenwenb.com/zsui6.html,UI课程
R站译制《C4D动态设计宝典》Mograph 运动图形,https://chenwenb.com/dtsjbdr-1.html,C4D课程
马良课程合集,https://chenwenb.com/malianghj.html,室内设计
疯景3d辅助全套完整画质高清,https://chenwenb.com/fj3d1-1.html,手绘课程
第七期包子王云飞零基础AI商业插画全能班2020年新课（画质高清有素材）,https://chenwenb.com/wyf7.html,ai课程
UE4室内外建筑表现全流程教学（画质高清有课件）,https://chenwenb.com/snwjz1-1.html,室内设计
俊西junc插画班第13期,https://chenwenb.com/junc13.html,手绘课程
Arnold5.0 for maya课程,https://chenwenb.com/arnold5-1.html,Arnold课程
子墨C4D产品动画教程（不加密有素材）,https://chenwenb.com/zimoc4d.html,C4D课程
包子王云飞零基础AI商业插画全能班第四期,https://chenwenb.com/wyf4-1.html,ai课程
青之巅译制 LFO Design Redshift 3D（高清画质）,https://chenwenb.com/lefrs1-1.html,C4D课程
翼次方CG角色精品网络班第5期（画质高清有素材）,https://chenwenb.com/yicifang5.html,zbrush课程
金政基2019超时空速写+金政基2007-2020速写手稿线稿合集图片+PDF+视频,https://chenwenb.com/jzjhj1-1.html,手绘课程
2020理希画境人体基础强化班(画质高清),https://chenwenb.com/lxrt1-1.html,手绘课程
设计策略 视觉表现提升班2020年07月新课（完整不加密画质高清）,https://chenwenb.com/sjcl1-1.html,平面设计
长脸叔MD布料动态第一期（2020新课）不加密画质高清,https://chenwenb.com/clsmd1-1.html,C4D课程
口丁 DAdonika日系插画网络班 第7期 2019(画质高清),https://chenwenb.com/kd7-1.html,手绘课程
zbrush魔型志第三期网络班光叔强哥次世代游戏全流程建模雕刻（画质高清）,https://chenwenb.com/mxz3-1.html,zbrush课程
C4D建模渲染实战技巧100集（max一枝花）不加密画质高清,https://chenwenb.com/yzhc4d1-1.html,C4D课程
C4D卡通形象建模 徐斌,https://chenwenb.com/xbc4d1-1.html,C4D课程
动真格C4D案例全面教学(不加密),https://chenwenb.com/dzgc4d1-1.html,C4D课程
Yeti雪人动画出品：C4D风格图片的设计原理与实战,https://chenwenb.com/yeti1-1.html,C4D课程
新派美食商业摄影 林上钰,https://chenwenb.com/lsyms1-1.html,视频课程
MG动画自习室 AE MG动画教程,https://chenwenb.com/mgae1-1.html,AE课程
UTV小白成长记C4D产品动画教程（产品篇）2020新课不加密有素材,https://chenwenb.com/xiaobcp1-1.html,C4D课程
胡晓波22期品牌班,https://chenwenb.com/bbb22.html,平面设计
猫的树2020年剧情类短片高级课程(2020年6月),https://chenwenb.com/mds2020.html,视频课程
王炳南从零开始学包装设计,https://chenwenb.com/wbn1-1.html,平面设计
唐建伟-C4D广告视觉设计案例教程【已完结】,https://chenwenb.com/tjwc4d.html,C4D课程
zwy张惟怡肖像课2019 带课件与笔刷,https://chenwenb.com/wy2019.html,手绘课程
蚂蚁八手王道具球2020年(不加密画质高清),https://chenwenb.com/mydjq1-1.html,手绘课程
蚂蚁八手王图形平设2020年（不加密画质高清）,https://chenwenb.com/mypstx1-1.html,手绘课程
TVart的C4D OC高级渲染训练营郭术生徐斌（画质高清有素材）,https://chenwenb.com/c4doc1-1.html,C4D课程
良知塾常永造像之法人像广告后期精修课,https://chenwenb.com/cyzxzf1-1.html,视频课程
良知塾王刚造物之法广告产品后期精修课,https://chenwenb.com/wgzwzf1.html,视频课程
米你课堂商业插画全能班之基础班2019年12月,https://chenwenb.com/minikt1-1.html,手绘课程
山药酱（药锅锅）日系游戏立绘设计进阶班2019(第2期),https://chenwenb.com/shanyao2019.html,手绘课程
熊木c4d全流程IP角色绑定2020年教程,https://chenwenb.com/xmc4d1.html,C4D课程
han-0v0 日韩柔软美少女商业技法创作班,https://chenwenb.com/han-0v0-1.html,手绘课程
万鱼鱼零基础商业潮流插画(Ai矢量插画教程),https://chenwenb.com/wyy1-1.html,手绘课程
像素范儿第九期UI设计全能班(不加密高清画质),https://chenwenb.com/xsfr9.html,UI课程
日韩精品插画班【欻巨脑残粉】的2019年11月,https://chenwenb.com/rhjbq1-1.html,手绘课程
kana酱日系二次元商业技法班第3期2020年【画质高清不加密】,https://chenwenb.com/kanarx3.html,手绘课程
次世代游戏角色“21号”高级案例教程【画质高清有素材】,https://chenwenb.com/21hao.html,zbrush课程
星美男 影视跟踪系统教学 PFTrack Mocha 2020年新课(缺课),https://chenwenb.com/xmn1-1.html,视频课程
落笔成器武侠风格角色设计与绘制2018年11月结课,https://chenwenb.com/lbcq2019.html,手绘课程
零基础快速掌握AI的15节实战必修课,https://chenwenb.com/aijichuke.html,视频课程
老鹰讲AE教程系统ae教学（画质高清有素材）,https://chenwenb.com/lyjae.html,AE课程
C4D教程威力男孩第三期有素材,https://chenwenb.com/c4dnan.html,C4D课程
叶子学堂游戏UI教程2020年新课（有课件和笔刷）,https://chenwenb.com/yzxtui1-1.html,UI课程
老鹰讲C4D从0开始系统学C4D教程 C4D入门到进阶老鹰C4D中文教程,https://chenwenb.com/lyjc4d1-1.html,C4D课程
老鹰C4D粒子流体特效宝典(完结 全集87节),https://chenwenb.com/lylzlt1.html,C4D课程
侯帅电商设计全能班(第3期)2020年新课 送第2期+主图直通车+电商详情页课程最全,https://chenwenb.com/houshuai3.html,电商设计
martin gao MartinArt 概念设计 2020年7月完结新课,https://chenwenb.com/marti2020-1.html,视频课程
C4D成长之路案例教程从零开始到提升oc r 液体烟雾 MG动画自习室 高清画质,https://chenwenb.com/c4dczzl1.html,C4D课程
最新一只八子ipad儿童插画课2020年,https://chenwenb.com/yizhibazi2020-2.html,手绘课程
芝士学院 C4D训练营-14天集体创作梦想小镇 高清画质,https://chenwenb.com/zsxy14-1.html,C4D课程
不绿不蓝平面设计系统班 2020 8月已结课,https://chenwenb.com/blblpmsj1.html,平面设计
k先生七天入门版式设计2020年7月（已完结）,https://chenwenb.com/kqtbssj.html,平面设计
不错实验室C4D创意基础设计 C4D教程 C4D课程 C4D基础,https://chenwenb.com/bucuoc4d1.html,C4D课程
NiaoNiao的第十一期OC课（2020年10月06日最新完结的C4D教程）,https://chenwenb.com/niaoniao11.html,C4D课程
满清武士顶级影视角色制作案例教学,https://chenwenb.com/mqws1.html,zbrush课程
风绽x白衣巷九x插画速涂特训营第二期 2020年6月结课,https://chenwenb.com/chahsttxy2.html,手绘课程
bb钞怪奇角色设计系统班2020年8月的插画教程,https://chenwenb.com/bbchao1-1.html,手绘课程
ipad procreate儿童插画课程 一只八子（含笔刷）,https://chenwenb.com/yzbz2019.html,手绘课程
C4D修神记：零基础到三维封神(已完结)2020年新课,https://chenwenb.com/c4d0jc.html,C4D课程
小白成长记中级篇不加密,https://chenwenb.com/xiaobaizhong1.html,C4D课程
87time C4D+OC第16期 电商产品建模+渲染表现,https://chenwenb.com/87time16-1.html,C4D课程
痕迹指尖糖古风插画课第16期2020年新课,https://chenwenb.com/gufeng16-1.html,手绘课程
痕迹指尖糖古风精英班第15期2020年插画课,https://chenwenb.com/gufeng15-1.html,手绘课程
星图学园阿策第四期2020年6月结课高清画质插画教程,https://chenwenb.com/acext4-1.html,手绘课程
星图学园阿策第二期日韩角色基础+进阶班2019年插画教程文件已打包不会失效,https://chenwenb.com/acext2-1.html,手绘课程
巧匠淘宝美工线上特战班51期视频教程小丑主讲,https://chenwenb.com/qiaojiang51.html,电商设计
Martin_K版式设计第三期 （20年05月）,https://chenwenb.com/martinkbs3.html,平面设计
"徐拯场景进阶班第15期2019年（无素材,插画教程视频高清不缺课）",https://chenwenb.com/xuzheng2019.html,手绘课程
潘大 CG商业插画精品网络班,https://chenwenb.com/pdpd.html,视频课程
Zbrush性感赛车女郎手办雕刻高级案例流程教程【画质不错有素材】,https://chenwenb.com/xgscnlsb.html,zbrush课程
超写实角色《剑圣》全流程实战教学【老课画质不错有素材】,https://chenwenb.com/jiansheng15.html,zbrush课程
平面设计全能特训班【画质高清】,https://chenwenb.com/pingmsjtxb.html,平面设计
莫那眠川利-立绘与色彩光影 2020年新插画课程,https://chenwenb.com/mianchuanli1.html,手绘课程
缺水的海怪色彩课2019+人体课2019年插画教程,https://chenwenb.com/haiguai2019.html,手绘课程
逆转未来OC训练营第一期,https://chenwenb.com/nizhuanweilai1-1.html,电商设计
美萌minor头像插画教程2020年新课高清有素材,https://chenwenb.com/minor2020.html,手绘课程
次世代游戏角色赤鸦全流程案例教程,https://chenwenb.com/chiya.html,视频课程
Blender真香：烤鱼全流程案例教学,https://chenwenb.com/blenderky.html,Blender课程
冯渡第6期一起画TV插画零基础手绘课,https://chenwenb.com/fengdu6.html,手绘课程
曹凡图形海报综合应用,https://chenwenb.com/caofantxhb.html,平面设计
87time的C4D OC液体产品表现全流程案例教程,https://chenwenb.com/87timeyeti.html,C4D课程
老鹰C4D教程之100天进阶计划电商产品建模C4DR20 R21教程MD布料（123节课已完结）,https://chenwenb.com/laoyingc100.html,C4D课程
NiaoNiao的第十期OC渲染课有素材和模型,https://chenwenb.com/niaoniao10.html,C4D课程
NiaoNiao的第九期OC渲染课有素材和模型,https://chenwenb.com/niaoniao9.html,C4D课程
mochy用IPAD打开你的绘画大门-0基础也能会出美好事物（2020.6）插画教程,https://chenwenb.com/mochyipad1.html,手绘课程
蚂蚁八手王2020年素体课有课件,https://chenwenb.com/mayist.html,手绘课程
曼奇立德ab班2020年+送星雨预科角色班2020年+大触课堂,https://chenwenb.com/manqi2020.html,手绘课程
枭瞳精英班第四期2020年插画教程有笔刷,https://chenwenb.com/xiaotong4.html,手绘课程
巧匠43期高级电商设计特战班16节课程带素材,https://chenwenb.com/qiaojiang43.html,电商设计
莫矜iPad插画入门与创作,https://chenwenb.com/mojinipad.html,手绘课程
路鹏产品摄影6门课程合集,https://chenwenb.com/lupenheji.html,电商设计
开心老头品牌logo·VI设计实战班2019年只有视频（第3期）,https://chenwenb.com/kxltlogo3.html,平面设计
AE进阶魔法特效案例中文视频教程 附素材,https://chenwenb.com/aejinjie2.html,AE课程
灰昼ip角色绑定教程,https://chenwenb.com/huizhouip1.html,C4D课程
画画的春哥人体结构+人物速写+造型构造,https://chenwenb.com/hhdcg1.html,手绘课程
顾佳艺色彩中级班第七期2020年新插画教程,https://chenwenb.com/gjyzjb7.html,手绘课程
Senny森妮的少女风人物插画课,https://chenwenb.com/senny1.html,手绘课程
刘杨人像精修教程2019年,https://chenwenb.com/liuy2019.html,视频课程
李辰AE+C4D基础到精通教程,https://chenwenb.com/lcac1.html,C4D课程
白无常2020 C4D OC AE动态设计,https://chenwenb.com/bwcdtsj1.html,C4D课程
rosele日系速写课2020年送rosele日系插画色彩进阶班,https://chenwenb.com/rosele2020.html,手绘课程
k先生版式训练营2019,https://chenwenb.com/kxsbsxly1.html,平面设计
k先生趣味平面设计说明书（画质高清）,https://chenwenb.com/kxsqwpm1.html,平面设计
K先生平面构成和版式设计,https://chenwenb.com/kxspmgc1.html,平面设计
释开达基础人体结构绘画教程,https://chenwenb.com/skdrt1.html,手绘课程
左佐字体设计教程治字百方送像素造字课,https://chenwenb.com/zzzti1.html,平面设计
C4D白无常2019,https://chenwenb.com/bwc4d2019.html,C4D课程
灰昼C4D2019年,https://chenwenb.com/huizhou2019.html,C4D课程
胡晓波27期vi品牌设计班logo设计教程,https://chenwenb.com/bbb27.html,平面设计
krenz透视色彩构成三门2018年的都有课件,https://chenwenb.com/krenz123.html,手绘课程
krenz色彩第五期有课件k大,https://chenwenb.com/sc5.html,手绘课程
krenz2019透视课k大透视第五期有课件,https://chenwenb.com/ts2019.html,手绘课程
杰视帮产品精修与视觉合成全能班,https://chenwenb.com/shuangjie.html,电商设计
杰视帮线下课第九期,https://chenwenb.com/jiexx9.html,电商设计
杰视帮第33期,https://chenwenb.com/jie33.html,电商设计
杰视帮合成进阶班第48期,https://chenwenb.com/jie48.html,电商设计
罗雨舒实用商业插画全能班第一期（嘎罗）里面有送她噪点插画的课,https://chenwenb.com/luoyushu.html,手绘课程
养猫画画的随随古风课大合集,https://chenwenb.com/suisui.html,手绘课程
美型女性角色制作全流程高级课程第一期,https://chenwenb.com/abcmx1.html,视频课程
人物与服装概念 DAZ，MD，C4D结合案例教程，MG动画自习室 新品,https://chenwenb.com/rwfz1.html,C4D课程
AE超能力学院小莫从入门到精通全18集,https://chenwenb.com/xiaomo.html,AE课程
字体帮字体设计直播课第36期 刘兵克,https://chenwenb.com/ztb36.html,平面设计
UI设计进阶班第5期张双,https://chenwenb.com/zsui5.html,UI课程
风的诗人星火版式设计【画质还行有部分素材】,https://chenwenb.com/xh1.html,平面设计
长脸叔C4D角色类课程第五期,https://chenwenb.com/lian5.html,C4D课程
茨舞T5 2D+3D辅助2020年新课（无素材仅视频不缺课哦）,https://chenwenb.com/ciwu2.html,手绘课程
靳埭强版式设计课,https://chenwenb.com/qiang.html,平面设计
阿波C4D OC RS红移 产品渲染教程第四期 产品加动效高级综合AEPR,https://chenwenb.com/aboc4d-4.html,电商设计
阿波C4D产品渲染教程第三期高级案例 OC RS红移案例式电商产品渲染,https://chenwenb.com/abo3.html,电商设计
阿波C4D OC产品渲染教程第二期 OC案例式电商渲染 中级初级,https://chenwenb.com/abo2.html,电商设计
阿波C4D OC RS红移产品教程动效教程春节短期突击班,https://chenwenb.com/abc.html,电商设计
芝士学院12门课程合集打包,https://chenwenb.com/zhishi.html,手绘课程
杰视帮电商实战班第11期2020年新课,https://chenwenb.com/jie11.html,电商设计
立方甲包装设计第四期,https://chenwenb.com/lifangjia.html,平面设计
k大krenz2020年色彩课第6期(附加色彩第五期课件画质高清),https://chenwenb.com/krenz1.html,手绘课程
小丑2020年教程C4D教程XP粒子教程4.0全面解密系列进阶篇,https://chenwenb.com/xp4.html,C4D课程
小丑教程redshift修炼之路redshift渲染器教程C4D教程rs渲染教程,https://chenwenb.com/rs1.html,C4D课程
