教程名,教程链接,教程分类
老梁Redshift for Cinema 4D从0到1的渲染综合实战案例【画质高清有素材】,https://chenwenb.com/laoliangrs.html,C4D课程
【缺课】古糖2022新古风ipad插画课【画质高清有笔刷】,https://chenwenb.com/gtxgfchk.html,手绘课程
鱼小沫Q版人物团练2022年1月结课ipad插画教程【画质高清只有视频】,https://chenwenb.com/yxmqbrwtl.html,手绘课程
刀鱼keyshot7.2产品动画【画质还行有素材】,https://chenwenb.com/daoyuks7.html,视频课程
陈京京PR剪辑调色班【画质高清有素材】,https://chenwenb.com/cjjprcc.html,视频课程
鱼小沫2022年5月萌萌古风ipad插画课【画质高清有笔刷课件】,https://chenwenb.com/yxmmmgf.html,手绘课程
佳儿水彩团练头像第4期2022年4月ipad插画课【画质高清有笔刷】,https://chenwenb.com/jiasctltx4.html,手绘课程
小武拉莫第6期摄影班2020年8月结课【画质还行有素材】,https://chenwenb.com/xwlmk6.html,视频课程
【缺课】画久久2022Q版卡通人物iPad插画课【画质高清有笔刷课件】,https://chenwenb.com/hjjktrwchk.html,手绘课程
华帅blender动画2021年闪耀之路【画质高清有素材】,https://chenwenb.com/hsblenderdh.html,Blender课程
和好莱坞动画大师一起学习故事创作【画质还可以】,https://chenwenb.com/hhlwdsxgscz.html,视频课程
哈士奇味的鸵鸟古风+现代头像课2022年ipad插画教程第1期【画质高清有笔刷】,https://chenwenb.com/hsqwdtn.html,手绘课程
【缺课】蓉儿少女头像班2022年ipad插画线稿+上色综合【画质高清有笔刷】,https://chenwenb.com/rongrsntx.html,手绘课程
麦刻风2022年ipad商业插画零基础到精通【画质高清有笔刷】,https://chenwenb.com/mkf2022ipad.html,手绘课程
和好莱坞动画大师一起学分镜【画质一般】,https://chenwenb.com/hhlwdsyqxfj.html,视频课程
【刘新华】Houdini特效入门教程【画质高清只有视频】,https://chenwenb.com/houdinitxrm.html,视频课程
李耀辉国潮插画系统课第3期2022年旁听班【画质不错有笔刷】,https://chenwenb.com/lyhgcch3.html,手绘课程
次时代场景建模全流程2020年【画质高清有大部分素材】,https://chenwenb.com/csdcjjm2020.html,视频课程
【缺课】阿童木旅行插画系统课2022年钢笔淡彩【画质不错有资料】,https://chenwenb.com/atongmugbdc.html,手绘课程
PS教程零基础入门速成班2021年8月结课【画质高清有素材】,https://chenwenb.com/ps0jcrmsc.html,视频课程
冷风ipad国风静物插画课2022年【画质还行有笔刷】,https://chenwenb.com/lfgfjwxp.html,手绘课程
Houdini19高级魔法气流特效制作流程【画质高清有素材】,https://chenwenb.com/houdini19gjmfql.html,视频课程
映美线上剪辑课2020【画质高清只有视频】,https://chenwenb.com/ymxsjjk2020.html,视频课程
皮蛋兄弟沙雕动画教程2022年【画质不错有素材】,https://chenwenb.com/pdxdsddh.html,视频课程
【小粉菇】日系插画设计实战之日式人物插画设计【画质高清只有视频】,https://chenwenb.com/xfgrxchsjsz.html,手绘课程
Blender游戏场景室内环境材质渲染教程【画质高清只有视频】,https://chenwenb.com/blenderyxcjsnhj.html,Blender课程
MG动画进阶动态设计精英第1期2020年10月【画质高清有素材】,https://chenwenb.com/mgdhdtsjjy1.html,AE课程
周大杰产品精修第26期2020年【画质不错有部分素材】,https://chenwenb.com/zdjcpjx26.html,电商设计
冷风ipad插画课水彩风景进阶2021年9月结课【画质一般有笔刷】,https://chenwenb.com/lengfengscjj.html,手绘课程
【良知塾】白一帆风光摄影实战教程全能篇【画质高清有素材】,https://chenwenb.com/fgxyszqnp.html,视频课程
微专业UI设计师全链路第11期2020年8月左右【画质不错有部分素材】,https://chenwenb.com/wzyuiqll11.html,UI课程
衔春来古风水彩技法提升班2022【画质高清只有视频】,https://chenwenb.com/gfscjftsb.html,手绘课程
白鹤tsuru人像PS精修cos后期第7期【画质不错只有视频】,https://chenwenb.com/baihe7.html,视频课程
3dsmaxFStorm室内渲染写实教程【画质还行有部分素材】,https://chenwenb.com/fstormsnxrxs.html,室内设计
嘿马电商详情进阶实训【画质高清只有视频】,https://chenwenb.com/hmdsxqjjsx.html,电商设计
Moredu资产教程2020【画质不错只有视频】,https://chenwenb.com/morzcmx2020.html,视频课程
电商产品C4D课程2020年【画质高清没有素材】,https://chenwenb.com/dscpc4d2020.html,C4D课程
狄里色彩光影专题班【画质还行只有视频】,https://chenwenb.com/dlscgyztb.html,手绘课程
商业包装设计全能班第1期2021年【画质高清有大部分素材】,https://chenwenb.com/bzsjqnb1.html,平面设计
周大杰商业精修&产品摄影全能班2022年1月结课【画质还行有大部分素材】,https://chenwenb.com/zdjyfl2022.html,电商设计
一晨摄影光环4.0班2022年1月结课【画质还行有大部分素材】,https://chenwenb.com/ycssghb4.html,视频课程
niaoniao第20期C4D+OC渲染2022年6月【画质高清有素材】,https://chenwenb.com/niaoniaoc4d20.html,C4D课程
【缺课】度薇年iPad商业插画2022年【画质还行有笔刷素材】,https://chenwenb.com/duweinianipad.html,手绘课程
青时PS水彩插画系统课【画质高清只有视频】,https://chenwenb.com/qspsscchk.html,手绘课程
虚空光影保姆级PR剪辑指南2020年【画质高清有素材】,https://chenwenb.com/bmjjjzn.html,视频课程
酸梅干超人sketch零基础教学【画质高清只有视频】,https://chenwenb.com/chaorensketch.html,UI课程
傅炯不止教搭配的色彩商业实战课2021【画质不错只有视频】,https://chenwenb.com/bzjdpdscsysz.html,视频课程
蓉儿iPad水彩系统课第3期2022年1月结课【画质高清有部分笔刷】,https://chenwenb.com/rongerscxtk3.html,手绘课程
离城画面的肌理与质感2020【画质高清有笔刷】,https://chenwenb.com/lchmdjlyzg1.html,手绘课程
小定噗噗可爱Q版人物创作2022年【画质不错只有视频】,https://chenwenb.com/xdppkaqbrw.html,手绘课程
【缺课】叶汁治愈系商业插画课2022年【画质一般有笔刷】,https://chenwenb.com/yzhizyxsych.html,手绘课程
PS创意合成技法2021年【画质高清有部分素材 】,https://chenwenb.com/cyhc2021.html,电商设计
阿泽Blender第3期渲染课2021年11月结课【画质高清有素材】,https://chenwenb.com/azblenderxr3.html,Blender课程
考拉第二期Belnder风格化动画2021年【画质高有素材】,https://chenwenb.com/kld2qfghdh.html,Blender课程
罗耀平面设计思维课2020年3月结课【画质高清只有视频】,https://chenwenb.com/luoyao2020.html,平面设计
Substance Painter质感案例教学2020【画质高清有素材】,https://chenwenb.com/spzgjc2020-0.html,视频课程
涂弥角色设计第2期2021年【画质不错有课件】,https://chenwenb.com/tumi2021.html,手绘课程
在Blender中创建史诗般的大型环境2021年教程国语配音【画质高清有素材】,https://chenwenb.com/blendercjssbdhj.html,Blender课程
天航PS人像摄影后期2022年【画质不错只有视频】,https://chenwenb.com/thrxsyhq2022.html,视频课程
不错实验室品牌设计指南第一期2022年1月结课【画质不错有素材】,https://chenwenb.com/bcsysppsjzn1.html,平面设计
TBchoi人体基础进阶班第八期2020莱普斯LAELAPS【画质还行有笔刷】,https://chenwenb.com/tbchoirtjcb8.html,手绘课程
人工翻译CG渲染基本原理【画质高清有素材】,https://chenwenb.com/rgfycgxrjbyl.html,视频课程
blender零基础大合集2021年人工翻译【画质高清有素材】,https://chenwenb.com/hmblenderndjh.html,Blender课程
零基础噪点肌理插画快速绘制指南【画质还行只有视频】,https://chenwenb.com/zdjlchzn.html,手绘课程
零基础小清新钢笔淡彩课程2021年【画质高清只有视频】,https://chenwenb.com/xqxgbdckc.html,手绘课程
bleder教程起飞2021年【画质不错有素材】,https://chenwenb.com/blenderqifei.html,Blender课程
插画师撒呀酱角色插画进阶班2020【画质还行只有视频】,https://chenwenb.com/sayajiang.html,手绘课程
niaoniao第十八期C4D+OC渲染课2022年1月结课【画质高清有素材】,https://chenwenb.com/niaoniaoc4d18.html,C4D课程
C4D+AE+Redshift渲染星美男高级实景合成全流程2020年【画质高清有素材】,https://chenwenb.com/xmncsmjzkj.html,C4D课程
酸梅干超人零基础UI精品实战班第3期2021年1月结课【画质高清只有视频】,https://chenwenb.com/cr0jcuijpszb3.html,UI课程
与好莱坞动画大师一起学角色设计2020【画质还行】,https://chenwenb.com/yhlwdhdsyqxjssj.html,视频课程
雪花更美UE4群集射击游戏买量中文视频教程2020【画质高清】,https://chenwenb.com/xhgmue4qjsj.html,视频课程
达芬奇调色大师课：8大模块掌握调色技巧【画质高清只有视频】,https://chenwenb.com/tsdsk8dmk.html,视频课程
逸之角色原画精品班【画质高清没有笔刷】,https://chenwenb.com/yzjsyhjpb.html,手绘课程
雪花更美UE4群集对战中文教程2020【画质高清有素材】,https://chenwenb.com/xmgmue4qjdz.html,视频课程
和好莱坞动画大师一起学视觉语言2020【画质一般】,https://chenwenb.com/yqxsjyy2020.html,视频课程
画画的春哥人体绘画入门修炼2021【画质不错有素材】,https://chenwenb.com/cgrthhrmxl.html,手绘课程
达芬奇轻松搞定10种调色风格：经典电影调色案例解析【画质高清有素材】,https://chenwenb.com/xpcqsgd10tsfg.html,视频课程
小木C4D产品渲染2021年Redshift课程【画质高清有素材】,https://chenwenb.com/xmc4drsxr.html,C4D课程
【缺课】小K先生电商C4D建模渲染2021年11月结课【画质高清有素材】,https://chenwenb.com/xiaokxsc4d.html,C4D课程
【缺课】小K先生电商C4D建模渲染2021年11月结课【画质高清有素材】,https://chenwenb.com/xiaokxsc4d.html,C4D课程
【缺课】小K先生电商C4D建模渲染2021年11月结课【画质高清有素材】,https://chenwenb.com/xiaokxsc4d.html,C4D课程
潘呀潘潘摄影教程2020【画质不错只有视频】,https://chenwenb.com/panyapp.html,视频课程
【缺课】画画的春哥人物速写2022年：风格化角色创作实战【画质高清】,https://chenwenb.com/cgrwxsfghjscz.html,手绘课程
与好莱坞动画大师一起学动画规律2022年4月【画质还行有课件】,https://chenwenb.com/dhdsyqxdhgl.html,视频课程
雪花更美UE4集群阵列2020年【画质高清】,https://chenwenb.com/xhgmue4.html,视频课程
【缺课】生动表演大剖析AE角色动画特训营2021【画质不错有素材】,https://chenwenb.com/sdbydpxae.html,AE课程
高级动画全流程案例教学之绑定篇【画质高清有素材】,https://chenwenb.com/lmyxalbdp.html,3dmax课程
古月次世代游戏道具制作【画质不错】,https://chenwenb.com/gycsdyxdjzz.html,zbrush课程
高级动画全流程案例教学之模型贴图篇【画质高清有素材】,https://chenwenb.com/lmyxmxttp.html,zbrush课程
蓝枫平面游戏视觉2021年PS教程【画质高清有素材】,https://chenwenb.com/lfpmyxsj2021.html,平面设计
佳儿水彩团练第三期2022年【画质不错有笔刷】,https://chenwenb.com/jiasctl3.html,手绘课程
阿花水彩风男生头像ipad插画课2022年1月【画质不错有笔刷】,https://chenwenb.com/ahscfnstx.html,手绘课程
Justill2021年AI商业插画实战训练营基础篇【画质高清有部分素材】,https://chenwenb.com/justillaisych.html,ai课程
niaoniao第十九期C4D+OC渲染课2022年4月结课【画质高清无素材】,https://chenwenb.com/nianiaooc19.html,C4D课程
创意视觉设计师培养计划万晨曦卢帅曹凡2021年【画质高清有部分素材】,https://chenwenb.com/cysjsjspyjh.html,平面设计
黑豹角色综合教学课程【画质高清有素材】,https://chenwenb.com/heibaojszhjx.html,zbrush课程
unity超写实游戏特效表现课程【画质高清有素材】,https://chenwenb.com/unitycxstxbx.html,视频课程
【缺课】小木C4D电商产品教程【画质不错有素材】,https://chenwenb.com/xiaomuc4d.html,电商设计
商业插画配色入门指南【画质不错只有视频】,https://chenwenb.com/sychpsrmzn.html,手绘课程
houdini中mantra渲染器系统教程【画质高清有素材】,https://chenwenb.com/mantraxrq.html,视频课程
